phase,global_epoch,epoch,phase_start,dice_ET,dice_NETC,dice_RC,dice_SNFH,dice_bg,dice_coef,dice_tumor_core,dice_whole_tumor,learning_rate,loss,val_dice_ET,val_dice_NETC,val_dice_RC,val_dice_SNFH,val_dice_bg,val_dice_coef,val_dice_tumor_core,val_dice_whole_tumor,val_loss
1,1,0,True,0.0053978320211172,0.3749748766422272,0.0181663744151592,0.0919741839170456,0.9327117204666138,0.1623902022838592,0.3246738314628601,0.3294923901557922,0.0010000000474974,1.1421372890472412,0.0107047408819198,0.7247470021247864,0.0337172001600265,0.5454806685447693,0.9847504496574402,0.2882344126701355,0.7209205031394958,0.7288331985473633,0.8188930749893188
1,2,1,False,0.0253798682242631,0.6831077933311462,0.1406067758798599,0.653564989566803,0.9882793426513672,0.3310524225234985,0.6796815395355225,0.7126985192298889,0.0010000000474974,0.7557781934738159,0.0633152946829795,0.7088721990585327,0.1978610455989837,0.665012538433075,0.9884306192398072,0.3751410841941833,0.7060772180557251,0.7222323417663574,0.7259582281112671
1,3,2,False,0.0665981322526931,0.7319920063018799,0.2752942442893982,0.7141395807266235,0.990559458732605,0.4005767107009887,0.7296505570411682,0.7613577842712402,0.0010000000474974,0.6797415018081665,0.1612472385168075,0.7133044004440308,0.3535264134407043,0.6849787831306458,0.9854823350906372,0.4273483157157898,0.710594654083252,0.7332859635353088,0.7024742960929871
1,4,3,False,0.0975455641746521,0.7464277744293213,0.3184454441070556,0.7419150471687317,0.9912901520729064,0.4219833016395569,0.7463563680648804,0.7792283892631531,0.0010000000474974,0.6554685831069946,0.1566082835197448,0.7485678791999817,0.5592769384384155,0.7857751250267029,0.9905336499214172,0.4593041539192199,0.7443674802780151,0.774043083190918,0.616139829158783
1,5,4,False,0.1270785629749298,0.7722694277763367,0.346051812171936,0.7448084950447083,0.9921914935112,0.4445844888687134,0.7709686160087585,0.7996283769607544,0.0010000000474974,0.6294050216674805,0.2101121246814727,0.7957622408866882,0.5086807608604431,0.7790756821632385,0.9917952418327332,0.4869487285614013,0.7963962554931641,0.8277889490127563,0.5820488929748535
1,6,5,False,0.153846800327301,0.7809221148490906,0.4362928569316864,0.7809969186782837,0.9929908514022828,0.4671810269355774,0.7799710035324097,0.8119925260543823,0.0010000000474974,0.5955937504768372,0.202577456831932,0.8094812035560608,0.5405152440071106,0.8225155472755432,0.9919983148574828,0.5116327404975891,0.8046672344207764,0.829003095626831,0.5506433844566345
1,7,6,False,0.1543815732002258,0.8003021478652954,0.4849240779876709,0.7830697298049927,0.993686318397522,0.4754637479782104,0.8001388311386108,0.8285945057868958,0.0010000000474974,0.5842026472091675,0.2951216995716095,0.8143485188484192,0.6108677387237549,0.8028917908668518,0.9923745393753052,0.5374247431755066,0.8133789300918579,0.8382514119148254,0.5255937576293945
1,8,7,False,0.1913124918937683,0.8051604628562927,0.5134828686714172,0.8028767108917236,0.9940395355224608,0.5005660057067871,0.8075031042098999,0.8357423543930054,0.0010000000474974,0.5559869408607483,0.1475944072008133,0.765957772731781,0.6001148223876953,0.7672132849693298,0.991195559501648,0.4880853593349457,0.7908834218978882,0.809026837348938,0.5930355787277222
1,9,8,False,0.2132842391729354,0.8105425834655762,0.5721615552902222,0.8096293807029724,0.9942653775215148,0.509762167930603,0.8109695315361023,0.8383862972259521,0.0010000000474974,0.5444611310958862,0.303223192691803,0.8190049529075623,0.5948745608329773,0.8501101732254028,0.9941707253456116,0.5620782375335693,0.8170667290687561,0.8443548679351807,0.4927024245262146
1,10,9,False,0.2074521332979202,0.8125017285346985,0.5831091403961182,0.8154311180114746,0.9943343997001648,0.513154923915863,0.8158280849456787,0.8416534662246704,0.0010000000474974,0.5407552719116211,0.2651640474796295,0.7670639157295227,0.5320520401000977,0.8338200449943542,0.992337703704834,0.525945782661438,0.7792739272117615,0.808580219745636,0.5554224848747253
1,11,10,False,0.2450924962759018,0.814483642578125,0.5728214979171753,0.8111822009086609,0.9941728711128236,0.5200705528259277,0.8163349628448486,0.8425025939941406,0.0010000000474974,0.5347603559494019,0.2188387364149093,0.834472119808197,0.7145770192146301,0.7979153990745544,0.9932848215103148,0.5581122636795044,0.8312993049621582,0.8404557704925537,0.5028730034828186
1,12,11,False,0.2432194650173187,0.8125600814819336,0.5774478316307068,0.8123133778572083,0.994279682636261,0.5211359858512878,0.8133087754249573,0.8389617204666138,0.0010000000474974,0.5348209142684937,0.3492299914360046,0.8443495035171509,0.7323900461196899,0.8401542901992798,0.9935590624809264,0.5544883012771606,0.8430633544921875,0.8625312447547913,0.5019552707672119
1,13,12,False,0.2613160908222198,0.8287512063980103,0.6105234622955322,0.8323042988777161,0.9948657155036926,0.5386560559272766,0.8286457061767578,0.8553240299224854,0.0010000000474974,0.5103827118873596,0.3593084216117859,0.8239362835884094,0.7796338796615601,0.8360381722450256,0.9924986362457277,0.5655717253684998,0.8233615756034851,0.8425458073616028,0.5005440711975098
1,14,13,False,0.289078027009964,0.8315871357917786,0.5997239351272583,0.8307555317878723,0.9948896169662476,0.5384756922721863,0.8333389759063721,0.8582762479782104,0.0010000000474974,0.5115228295326233,0.330567330121994,0.7850943207740784,0.7586358189582825,0.8127565383911133,0.9922540187835692,0.5346177220344543,0.7853952646255493,0.8071279525756836,0.5320680141448975
1,15,14,False,0.2981090545654297,0.832421064376831,0.630182147026062,0.8368038535118103,0.9949803948402404,0.5474671125411987,0.8329633474349976,0.8581889867782593,0.0010000000474974,0.5000671148300171,0.3742094337940216,0.7799088358879089,0.6803436875343323,0.8410387635231018,0.9930327534675598,0.5515803098678589,0.7785947322845459,0.8031125664710999,0.5130994319915771
1,16,15,False,0.3422277271747589,0.8386587500572205,0.6361595392227173,0.8384682536125183,0.9950832724571228,0.5584821701049805,0.837313175201416,0.8603823781013489,0.0010000000474974,0.4870571196079254,0.4589569866657257,0.8170803189277649,0.7909995913505554,0.8505991101264954,0.9934988021850586,0.5799845457077026,0.8175373077392578,0.839549720287323,0.4874752163887024
1,17,16,False,0.3850819170475006,0.8399080634117126,0.6362122893333435,0.8411211371421814,0.9951581358909608,0.5714441537857056,0.8380677700042725,0.8635237216949463,0.0010000000474974,0.4742905497550964,0.5069466233253479,0.838988721370697,0.8125739097595215,0.8480197787284851,0.9937463402748108,0.5923429727554321,0.8400766849517822,0.8591147065162659,0.458879142999649
1,18,17,False,0.3296388387680053,0.8181538581848145,0.5570820569992065,0.8224238753318787,0.9942378401756288,0.5334139466285706,0.8186705112457275,0.8445162773132324,0.0010000000474974,0.5221430659294128,0.378474086523056,0.8161675333976746,0.6232340931892395,0.853026270866394,0.9931875467300416,0.5359820127487183,0.8169910907745361,0.8381233215332031,0.5339961051940918
1,19,18,False,0.3325921893119812,0.8406150937080383,0.638953685760498,0.8367058634757996,0.9952167272567748,0.5630819201469421,0.8385769128799438,0.8619248270988464,0.0010000000474974,0.4816862344741821,0.4628589451313019,0.8380157947540283,0.7812478542327881,0.8562865853309631,0.9937975406646729,0.6046973466873169,0.840928316116333,0.8612631559371948,0.4447482228279114
1,20,19,False,0.3979560732841491,0.8466119170188904,0.6329177021980286,0.8487231731414795,0.9954609870910645,0.5738555788993835,0.8439984917640686,0.8686795234680176,0.0010000000474974,0.4693784415721893,0.5397209525108337,0.8323241472244263,0.8094044923782349,0.8141761422157288,0.9942167401313782,0.5717638731002808,0.8307128548622131,0.8474463820457458,0.4801077842712402
1,21,20,False,0.4709365665912628,0.8413604497909546,0.6311777234077454,0.8452135920524597,0.995290219783783,0.5775693655014038,0.8408077359199524,0.8648232221603394,0.0010000000474974,0.4676605761051178,0.4842059910297394,0.8005235195159912,0.7504602074623108,0.8395199775695801,0.9929487109184264,0.6208229064941406,0.8018286824226379,0.8207124471664429,0.4488961696624756
1,22,21,False,0.4398064017295837,0.8447710275650024,0.6404229402542114,0.8465589880943298,0.995402693748474,0.584627091884613,0.8435395359992981,0.8669302463531494,0.0010000000474974,0.4603565335273742,0.3082113265991211,0.8239016532897949,0.7078891396522522,0.7821412682533264,0.9932484030723572,0.5744398832321167,0.826599657535553,0.8415817618370056,0.4959655702114105
1,23,22,False,0.5300703048706055,0.8583319783210754,0.6805295348167419,0.8620119094848633,0.9957793951034546,0.619373619556427,0.8569411635398865,0.8789956569671631,0.0005000000237487,0.4200483858585357,0.589722216129303,0.8308294415473938,0.8094914555549622,0.8571951389312744,0.9944214224815368,0.6468583345413208,0.8341532945632935,0.8547350764274597,0.4085060060024261
1,24,23,False,0.5538535118103027,0.8640118837356567,0.6897261142730713,0.8615551590919495,0.9958802461624146,0.6131670475006104,0.8623283505439758,0.8830199837684631,0.0005000000237487,0.4255917370319366,0.591386616230011,0.8311770558357239,0.8087732791900635,0.8551696538925171,0.9939373135566713,0.5883740782737732,0.8321171998977661,0.8505169153213501,0.4710299372673034
1,25,24,False,0.5882095694541931,0.8569262027740479,0.6959677338600159,0.8648231029510498,0.9957042932510376,0.6293021440505981,0.8551348447799683,0.8773703575134277,0.0005000000237487,0.4100929796695709,0.5778988599777222,0.8557985424995422,0.7254031300544739,0.8470732569694519,0.9940073490142822,0.5801862478256226,0.8556697964668274,0.8684175610542297,0.4734298586845398
1,26,25,False,0.5637651085853577,0.8554632663726807,0.6849729418754578,0.8551740050315857,0.995683491230011,0.6313508749008179,0.8560341596603394,0.8779364824295044,0.0005000000237487,0.4098576009273529,0.301156610250473,0.8081863522529602,0.7529920935630798,0.7795395255088806,0.9930317997932434,0.5308750867843628,0.8308200240135193,0.8520344495773315,0.5297194123268127
1,27,26,False,0.5487249493598938,0.8368812203407288,0.6642360687255859,0.8443460464477539,0.99520742893219,0.5694855451583862,0.8385401964187622,0.8633348345756531,0.0005000000237487,0.4770465791225433,0.5912104845046997,0.8298501968383789,0.8149690628051758,0.8187669515609741,0.994251310825348,0.6056122183799744,0.8307876586914062,0.848854660987854,0.4452939629554748
1,28,27,False,0.587325394153595,0.8609331250190735,0.7000225782394409,0.8635851144790649,0.9957927465438844,0.6225041151046753,0.8590630292892456,0.8801759481430054,0.0005000000237487,0.4155628979206085,0.6314797401428223,0.8530731797218323,0.7750466465950012,0.8580959439277649,0.9944239854812622,0.6609340906143188,0.8544732332229614,0.8701627254486084,0.3885954022407532
1,29,28,False,0.6248694658279419,0.8658713102340698,0.7083568572998047,0.8598744869232178,0.9959128499031068,0.64189612865448,0.865360677242279,0.8849107623100281,0.0005000000237487,0.3968179523944855,0.3789417743682861,0.8508912920951843,0.6548792719841003,0.8361169099807739,0.9934855103492736,0.5861543416976929,0.8469517827033997,0.8608097434043884,0.4886282980442047
1,30,29,False,0.530492901802063,0.8564428687095642,0.6992905735969543,0.8598921895027161,0.995660364627838,0.6298045516014099,0.8543482422828674,0.8767768144607544,0.0005000000237487,0.4143375754356384,0.665553629398346,0.8352629542350769,0.7445801496505737,0.8493605256080627,0.9944038987159728,0.5912445187568665,0.8353633880615234,0.8527351021766663,0.4632585942745209
1,31,30,False,0.6118025779724121,0.8685860633850098,0.7240467071533203,0.8658108711242676,0.9960087537765504,0.6437584161758423,0.8671743869781494,0.8869460821151733,0.0005000000237487,0.3952288031578064,0.6503364443778992,0.8200494647026062,0.7088786959648132,0.8556782007217407,0.9941359162330629,0.6271435022354126,0.8203343152999878,0.8415251970291138,0.4314099848270416
1,32,31,False,0.6281858086585999,0.8691752552986145,0.7271005511283875,0.8687557578086853,0.995997965335846,0.6584295630455017,0.8671162724494934,0.8871396780014038,0.0005000000237487,0.37823086977005,0.6965740919113159,0.8472852110862732,0.7647938132286072,0.8699079751968384,0.9939129948616028,0.6355025172233582,0.8471973538398743,0.8635963201522827,0.425118625164032
1,33,32,False,0.6449076533317566,0.8649623394012451,0.7194076776504517,0.8663961887359619,0.9958781003952026,0.6453909277915955,0.8636569976806641,0.8839414715766907,0.0005000000237487,0.3953486680984497,0.7054667472839355,0.8422337770462036,0.7824206948280334,0.8664129376411438,0.9948522448539734,0.6557765007019043,0.8442959785461426,0.8655151724815369,0.3980298638343811
1,34,33,False,0.656732439994812,0.8694456219673157,0.7387833595275879,0.869137704372406,0.9960227012634276,0.6624760031700134,0.8679850101470947,0.8883007168769836,0.0005000000237487,0.3749934434890747,0.6153935194015503,0.8336678743362427,0.6818929314613342,0.8602012991905212,0.993545651435852,0.6039007902145386,0.8344919085502625,0.8527618646621704,0.4690001904964447
1,35,34,False,0.6467219591140747,0.8703973889350891,0.7397503852844238,0.870072603225708,0.9960781931877136,0.6669008731842041,0.8691800832748413,0.8893476724624634,0.0005000000237487,0.3715267181396484,0.7788447737693787,0.8348080515861511,0.789125919342041,0.8753865957260132,0.9941726922988892,0.6237429976463318,0.8360331654548645,0.8558302521705627,0.4311114847660064
1,36,35,False,0.616119921207428,0.8645479083061218,0.7049292922019958,0.8629437685012817,0.995885133743286,0.6396468877792358,0.8633626699447632,0.88457190990448,0.0005000000237487,0.4025884866714477,0.5572997331619263,0.8380737900733948,0.7870455980300903,0.8124564290046692,0.9937339425086976,0.5941290855407715,0.8385680317878723,0.8536785244941711,0.4730373024940491
1,37,36,False,0.6255656480789185,0.8578887581825256,0.6817062497138977,0.8666461110115051,0.995608687400818,0.6392577886581421,0.857117235660553,0.8786329030990601,0.0005000000237487,0.4063042104244232,0.7360329627990723,0.8340672850608826,0.7007287740707397,0.8906038403511047,0.9945330023765564,0.624671459197998,0.8367131948471069,0.8602218627929688,0.4353281855583191
1,38,37,False,0.6786543130874634,0.8713295459747314,0.7404040098190308,0.874284565448761,0.9961065649986268,0.6718488335609436,0.8705410361289978,0.8908639550209045,0.0005000000237487,0.3657929301261902,0.6434518098831177,0.8570922017097473,0.7088754177093506,0.8815900683403015,0.9938360452651978,0.6599537134170532,0.856033205986023,0.8724068999290466,0.4097804427146911
1,39,38,False,0.6820696592330933,0.8703899383544922,0.7406604290008545,0.8721659779548645,0.9960492849349976,0.6801341772079468,0.8690640926361084,0.8889836072921753,0.0005000000237487,0.3578993082046509,0.6824194192886353,0.8417674899101257,0.8004903793334961,0.8565561175346375,0.9938177466392516,0.6671338081359863,0.8426023721694946,0.8595636487007141,0.3921876847743988
1,40,39,False,0.6741302013397217,0.8702260255813599,0.7246334552764893,0.8743048310279846,0.9960539937019348,0.6760315895080566,0.8685376048088074,0.8888092041015625,0.0005000000237487,0.3622450232505798,0.7033869624137878,0.8564720153808594,0.7812389731407166,0.8860275745391846,0.9944604635238647,0.6504659056663513,0.856143593788147,0.8724501132965088,0.4031458795070648
1,41,40,False,0.6704462170600891,0.8756077289581299,0.7366490364074707,0.8729487061500549,0.9962097406387328,0.6755191683769226,0.8731561899185181,0.8927962183952332,0.0005000000237487,0.3616261482238769,0.5649832487106323,0.8549935817718506,0.8205186128616333,0.8434717059135437,0.9941615462303162,0.6574157476425171,0.8581108450889587,0.8746208548545837,0.4085604250431061
1,42,41,False,0.6589977145195007,0.8590174913406372,0.7194675803184509,0.8672593832015991,0.9956995248794556,0.6518384218215942,0.8576147556304932,0.8785442113876343,0.0005000000237487,0.390452116727829,0.6753325462341309,0.837092936038971,0.711347758769989,0.8606841564178467,0.9940572381019592,0.6112988591194153,0.8376021385192871,0.8562269806861877,0.4506213068962097
1,43,42,False,0.5978050827980042,0.8643736839294434,0.7145864367485046,0.8655709624290466,0.995867133140564,0.6457433700561523,0.8621463179588318,0.8830217123031616,0.0005000000237487,0.395799309015274,0.6295264363288879,0.8347699046134949,0.7685716152191162,0.854365348815918,0.9947581887245178,0.6901610493659973,0.8375723958015442,0.8587719798088074,0.3630949556827545
1,44,43,False,0.663870632648468,0.8676576018333435,0.7332285046577454,0.8727705478668213,0.9960068464279176,0.6780373454093933,0.8663401007652283,0.8866073489189148,0.0005000000237487,0.3612903952598572,0.6464285254478455,0.8415067195892334,0.7784372568130493,0.8881861567497253,0.994594931602478,0.660088062286377,0.8432011604309082,0.8647712469100952,0.3981266617774963
1,45,44,False,0.696105420589447,0.8732726573944092,0.7439349889755249,0.8702905178070068,0.9961681365966796,0.6790531873703003,0.8721520304679871,0.8919486999511719,0.0005000000237487,0.359548956155777,0.7554190158843994,0.8408201336860657,0.7769044637680054,0.8519808053970337,0.9932309985160828,0.6501657962799072,0.8417322635650635,0.8560223579406738,0.4125856757164001
1,46,45,False,0.6573307514190674,0.8657765984535217,0.7345112562179565,0.8609588146209717,0.9958558082580566,0.676740825176239,0.8640003204345703,0.8832084536552429,0.0005000000237487,0.3644124865531921,0.5281348824501038,0.8261550068855286,0.7439526915550232,0.8107265830039978,0.9942331910133362,0.6512134671211243,0.8226220607757568,0.8412472605705261,0.4115627408027649
1,47,46,False,0.6451282501220703,0.8708229660987854,0.7263902425765991,0.8630082607269287,0.99604469537735,0.6597036719322205,0.8684173226356506,0.8879720568656921,0.0005000000237487,0.380497395992279,0.623899519443512,0.8523677587509155,0.7139838933944702,0.8687495589256287,0.9944640398025512,0.6016244888305664,0.8549365997314453,0.8701305985450745,0.4580857157707214
1,48,47,False,0.7120141386985779,0.8792819380760193,0.7622302174568176,0.8745827674865723,0.9962919354438782,0.6989057064056396,0.8780175447463989,0.896442174911499,0.0005000000237487,0.3368089199066162,0.7189115285873413,0.8693732619285583,0.7990444898605347,0.8773108720779419,0.994453489780426,0.6965655088424683,0.8681150674819946,0.8811668157577515,0.3536294102668762
1,49,48,False,0.6247419714927673,0.8722334504127502,0.7437855005264282,0.8657386302947998,0.9960759878158568,0.6657950282096863,0.8686636686325073,0.8874050974845886,0.0005000000237487,0.3747203946113586,0.6989242434501648,0.8508883118629456,0.7605749368667603,0.8579782843589783,0.9946542978286744,0.6940252184867859,0.8521316647529602,0.8667247295379639,0.3608330190181732
1,50,49,False,0.7049617171287537,0.872390627861023,0.7520558834075928,0.8708802461624146,0.9961002469062804,0.6848476529121399,0.8716766834259033,0.8907425999641418,0.0005000000237487,0.3540747463703155,0.5956469178199768,0.8511784076690674,0.7728949189186096,0.8537893295288086,0.9947616457939148,0.6296897530555725,0.8530412912368774,0.8665807247161865,0.4256272912025451
1,51,50,False,0.7126122713088989,0.8751081824302673,0.7555097937583923,0.8726270198822021,0.9962028861045836,0.6995503306388855,0.8739678859710693,0.8931851983070374,0.0005000000237487,0.3377958834171295,0.7233350276947021,0.8431016802787781,0.8024951219558716,0.8537997007369995,0.9945223331451416,0.6967147588729858,0.8444317579269409,0.8596627712249756,0.3560571670532226
1,52,51,False,0.7053172588348389,0.8705902695655823,0.7309717535972595,0.8716105818748474,0.9960094690322876,0.691283106803894,0.8693252205848694,0.8883081674575806,0.0005000000237487,0.3480315208435058,0.7337561845779419,0.8574268221855164,0.777764081954956,0.8629869818687439,0.9946014285087584,0.6385387182235718,0.8595604300498962,0.8728020191192627,0.4128438532352447
1,53,52,False,0.7159466743469238,0.8777204155921936,0.7769501209259033,0.8772673010826111,0.9962173104286194,0.7180973291397095,0.8766321539878845,0.8953945636749268,0.0005000000237487,0.318670243024826,0.6445035934448242,0.8616758584976196,0.757392168045044,0.8835302591323853,0.9945754408836364,0.6931050419807434,0.8593233227729797,0.8750782012939453,0.360639750957489
1,54,53,False,0.7397645711898804,0.8831217288970947,0.7854461073875427,0.8790866732597351,0.9964134693145752,0.718611478805542,0.8815719485282898,0.8998953700065613,0.0005000000237487,0.3150460422039032,0.738703191280365,0.8587862253189087,0.8087034225463867,0.8727107644081116,0.9950411915779114,0.6879359483718872,0.8592185974121094,0.8743000626564026,0.3599003851413727
1,55,54,False,0.7422757148742676,0.8774139285087585,0.7832822203636169,0.8756506443023682,0.9962667226791382,0.7294102311134338,0.8767583966255188,0.8954092264175415,0.0005000000237487,0.3061672747135162,0.7489233613014221,0.8668175339698792,0.8343162536621094,0.8755264282226562,0.994871199131012,0.7158297300338745,0.869711697101593,0.8836885094642639,0.3330663442611694
1,56,55,False,0.7519418597221375,0.8787801861763,0.7858633995056152,0.8763226270675659,0.9963040351867676,0.7158328294754028,0.8783528208732605,0.8972586989402771,0.0005000000237487,0.3186183869838714,0.649084746837616,0.8662770390510559,0.8056614995002747,0.8603586554527283,0.9950345158576964,0.668829083442688,0.8644219636917114,0.8800435066223145,0.384053498506546
1,57,56,False,0.7132667303085327,0.8791696429252625,0.7536658048629761,0.8737896680831909,0.996307134628296,0.7031666040420532,0.8777915835380554,0.8969172835350037,0.0005000000237487,0.3347446620464325,0.7317008376121521,0.8589253425598145,0.8299886584281921,0.8225351572036743,0.9950698018074036,0.6799616813659668,0.8587731719017029,0.8702008128166199,0.3647608160972595
1,58,57,False,0.7361946702003479,0.87958824634552,0.7769302129745483,0.8719849586486816,0.9963273406028748,0.7196197509765625,0.8789592385292053,0.8978444933891296,0.0005000000237487,0.3163344264030456,0.5106600522994995,0.845124363899231,0.8167722821235657,0.8380135297775269,0.9949583411216736,0.6548827290534973,0.8421223163604736,0.8587308526039124,0.3952136039733886
1,59,58,False,0.7412360906600952,0.8834536671638489,0.7900800108909607,0.8763434290885925,0.9964255094528198,0.713499128818512,0.8828942179679871,0.901351809501648,0.0005000000237487,0.3200256824493408,0.6547783613204956,0.8659937381744385,0.7985968589782715,0.8400899171829224,0.995219886302948,0.6734017133712769,0.8672702312469482,0.8805913329124451,0.3736767172813415
1,60,59,False,0.7472535371780396,0.887230634689331,0.7892718315124512,0.878619909286499,0.9965312480926514,0.717746913433075,0.8860883116722107,0.9037320613861084,0.0005000000237487,0.3158911764621734,0.6552757620811462,0.8681920170783997,0.7859386205673218,0.8482853770256042,0.9951274394989014,0.6779569387435913,0.8673942685127258,0.8800082802772522,0.372872918844223
1,61,60,False,0.7619414329528809,0.8858526349067688,0.7909132838249207,0.8819925785064697,0.9965451955795288,0.7249340415000916,0.8852986097335815,0.9034782648086548,0.0005000000237487,0.3080229759216308,0.712146520614624,0.8674291968345642,0.7740393280982971,0.862853467464447,0.9944855570793152,0.7192108035087585,0.8683494925498962,0.8843544125556946,0.3398045897483825
1,62,61,False,0.7170174717903137,0.8810874223709106,0.7818703651428223,0.878603458404541,0.9963327050209044,0.7181065082550049,0.8794901371002197,0.8980181813240051,0.0005000000237487,0.3184122741222381,0.769749641418457,0.859468936920166,0.6563647389411926,0.8817027807235718,0.995258331298828,0.6602435111999512,0.8600273132324219,0.8771055340766907,0.3857128322124481
1,63,62,False,0.7524145841598511,0.8854644894599915,0.78661048412323,0.8794776797294617,0.996491551399231,0.7253748774528503,0.8843562602996826,0.9023347496986388,0.0005000000237487,0.3086712658405304,0.766586184501648,0.8636546730995178,0.8092987537384033,0.8948506712913513,0.9950804710388184,0.6886512637138367,0.864452600479126,0.8804485201835632,0.3613024353981018
1,64,63,False,0.7532986402511597,0.8855835795402527,0.8052498698234558,0.8798912763595581,0.9965096712112428,0.7348486185073853,0.8846573233604431,0.9029513001441956,0.0005000000237487,0.2987522482872009,0.7712552547454834,0.8565956354141235,0.8229452967643738,0.8614873886108398,0.9950168132781982,0.6812318563461304,0.8580896258354187,0.8735520243644714,0.3763521313667297
1,65,64,False,0.7641555666923523,0.8875195980072021,0.8032535910606384,0.8784287571907043,0.9965463280677797,0.7222623825073242,0.8865010738372803,0.9042881727218628,0.0005000000237487,0.3111311495304107,0.7939696907997131,0.8346309065818787,0.8153111934661865,0.8876951336860657,0.9936651587486268,0.6502755880355835,0.8365445733070374,0.8543125987052917,0.4032681882381439
1,66,65,False,0.7536401152610779,0.8851023316383362,0.8021876215934753,0.8772690892219543,0.9964436888694764,0.7389299869537354,0.8840168118476868,0.9017257690429688,0.0005000000237487,0.2935914099216461,0.5973581671714783,0.8469821810722351,0.7971896529197693,0.8628023266792297,0.9944047331809998,0.6723056435585022,0.8490079641342163,0.8654783368110657,0.3874683976173401
1,67,66,False,0.5933725237846375,0.8787479400634766,0.7525404691696167,0.8718908429145813,0.996276080608368,0.6897024512290955,0.872977614402771,0.8911673426628113,0.0005000000237487,0.3514498472213745,0.4421922266483307,0.8580130338668823,0.6704570055007935,0.8625004887580872,0.9943865537643432,0.6308809518814087,0.8521406650543213,0.8687007427215576,0.4266110956668854
1,68,67,False,0.7528878450393677,0.8890420794487,0.794247031211853,0.8818724155426025,0.9965971112251282,0.737892746925354,0.8875598311424255,0.9049872159957886,0.0005000000237487,0.2946604788303375,0.7366881966590881,0.8512905240058899,0.8240716457366943,0.8509465456008911,0.9941930174827576,0.675938606262207,0.8527857661247253,0.8665827512741089,0.3809824883937835
1,69,68,False,0.7690432071685791,0.8921410441398621,0.8111080527305603,0.8850363492965698,0.996695876121521,0.7518975734710693,0.8909664154052734,0.9080681204795836,0.0005000000237487,0.279640644788742,0.7648066878318787,0.8685726523399353,0.8458201289176941,0.8846041560173035,0.9954653978347778,0.7510131597518921,0.8708258867263794,0.8865313529968262,0.2946096658706665
1,70,69,False,0.7826467156410217,0.8934818506240845,0.8240236043930054,0.8858228921890259,0.9967179894447328,0.7541670799255371,0.8928640484809875,0.9096901416778564,0.0005000000237487,0.2761744856834411,0.8236933350563049,0.8714605569839478,0.8368034958839417,0.8824434280395508,0.995095431804657,0.7606848478317261,0.872839093208313,0.8867928385734558,0.2878370881080627
1,71,70,False,0.7827810645103455,0.8931859135627747,0.8122094869613647,0.8839730024337769,0.9967355132102966,0.743457019329071,0.8921480774879456,0.9093050956726074,0.0005000000237487,0.2878769636154175,0.651153564453125,0.8737218379974365,0.8040611147880554,0.8733309507369995,0.9949759244918824,0.714529812335968,0.8776713013648987,0.8928273916244507,0.340913861989975
1,72,71,False,0.7736856341362,0.8901805877685547,0.8157130479812622,0.8819396495819092,0.996645450592041,0.7361857295036316,0.889446496963501,0.9065538644790648,0.0005000000237487,0.2959939241409302,0.6891922354698181,0.8757216334342957,0.8030500411987305,0.8734012842178345,0.9951331615447998,0.6504339575767517,0.8741146922111511,0.8884372115135193,0.3983258306980133
1,73,72,False,0.771564245223999,0.8902167081832886,0.8074371814727783,0.8803632259368896,0.996670126914978,0.747814953327179,0.8895456790924072,0.9069240689277648,0.0005000000237487,0.2851070463657379,0.6840528845787048,0.8571014404296875,0.7497913241386414,0.8411231637001038,0.9952569603919984,0.6961901187896729,0.8592599630355835,0.8745157718658447,0.3555978834629059
1,74,73,False,0.7170432806015015,0.8621761202812195,0.7720193266868591,0.8661603331565857,0.9956443905830384,0.7037983536720276,0.8607450723648071,0.8804433941841125,0.0005000000237487,0.3391353785991668,0.8522191047668457,0.8632488250732422,0.7859557867050171,0.8870563507080078,0.994827389717102,0.684484601020813,0.8648075461387634,0.8787504434585571,0.3691779971122741
1,75,74,False,0.7453952431678772,0.8820318579673767,0.7858248949050903,0.8797308206558228,0.9963728785514832,0.7247219681739807,0.8812147378921509,0.9003259539604187,0.0005000000237487,0.3097901344299316,0.7380980253219604,0.8583440184593201,0.7983132004737854,0.8408269882202148,0.994968831539154,0.7308074235916138,0.8594022989273071,0.8731157183647156,0.324319064617157
1,76,75,False,0.7524240016937256,0.8879866600036621,0.7970982193946838,0.8815271854400635,0.9965894818305968,0.7352876663208008,0.8868390321731567,0.9045903086662292,0.0005000000237487,0.2977170050144195,0.7439979910850525,0.8774660229682922,0.8347103595733643,0.8738968968391418,0.9953394532203674,0.6966179013252258,0.8780078887939453,0.8897150158882141,0.3522286713123321
1,77,76,False,0.7657749652862549,0.8860864639282227,0.8105445504188538,0.8801064491271973,0.9964878559112548,0.7352696657180786,0.8855597972869873,0.9028947949409484,0.0005000000237487,0.298337459564209,0.8016675114631653,0.8705517053604126,0.8510259985923767,0.8921961188316345,0.9953536987304688,0.7337419986724854,0.8709632754325867,0.8856701254844666,0.3101293742656708
1,78,77,False,0.7868130803108215,0.8930895328521729,0.8207120299339294,0.8884313702583313,0.9967220425605774,0.7628000974655151,0.8925794363021851,0.9094461798667908,0.0005000000237487,0.2679094672203064,0.7182720303535461,0.8758158683776855,0.8421708941459656,0.8449686765670776,0.9952616691589355,0.6836089491844177,0.8763452172279358,0.886673629283905,0.3644690811634063
1,79,78,False,0.7492102980613708,0.889850914478302,0.7937008738517761,0.8834612965583801,0.99664044380188,0.741397500038147,0.8884679079055786,0.905889332294464,0.0005000000237487,0.2919664084911346,0.5163102149963379,0.8592522144317627,0.6697832942008972,0.8850566148757935,0.994822323322296,0.6014972925186157,0.8548496961593628,0.872642993927002,0.4491098523139953
1,80,79,False,0.75786292552948,0.889031171798706,0.807090163230896,0.8819733262062073,0.9966313242912292,0.7321723103523254,0.8886737823486328,0.9062759280204772,0.0005000000237487,0.2996344566345215,0.6632702350616455,0.8653385043144226,0.773012638092041,0.8739789128303528,0.9950345754623412,0.6931291818618774,0.8659604787826538,0.882116436958313,0.3728605210781097
1,81,80,False,0.7891215682029724,0.8946180939674377,0.8108548521995544,0.8861927390098572,0.9968243837356568,0.7619611024856567,0.8938694000244141,0.9108242988586426,0.0005000000237487,0.2689374387264251,0.6747749447822571,0.8764106035232544,0.799877941608429,0.8506916761398315,0.9948561787605286,0.7147074937820435,0.8764835000038147,0.8894287347793579,0.3500459194183349
1,82,81,False,0.7926985621452332,0.8985977172851562,0.8214823603630066,0.889147937297821,0.9969144463539124,0.7727845907211304,0.8978949189186096,0.9139630794525146,0.0002500000118743,0.2570013701915741,0.7098865509033203,0.8726028800010681,0.8144401907920837,0.864062488079071,0.9956560134887696,0.7174423933029175,0.872998833656311,0.8855193853378296,0.3372245132923126
1,83,82,False,0.8088816404342651,0.8999288082122803,0.8340028524398804,0.8884853720664978,0.9969417452812196,0.7664050459861755,0.8997589945793152,0.9157074093818665,0.0002500000118743,0.2630600929260254,0.7818048596382141,0.8841671943664551,0.8127911686897278,0.8885491490364075,0.9952508211135864,0.7156963348388672,0.8846152424812317,0.8973041772842407,0.3412117660045624
1,84,83,False,0.8124027252197266,0.9006219506263733,0.8419517278671265,0.8929960131645203,0.996968388557434,0.7767775058746338,0.9002420902252197,0.9161126017570496,0.0002500000118743,0.2509994506835937,0.7520872354507446,0.8806107044219971,0.8130278587341309,0.871962308883667,0.9948548078536988,0.7094252109527588,0.8809521198272705,0.8932496905326843,0.3499864935874939
1,85,84,False,0.8126525282859802,0.8997683525085449,0.8361148834228516,0.8915833830833435,0.9969506859779358,0.7781375646591187,0.899651288986206,0.9154574871063232,0.0002500000118743,0.2505549788475036,0.7626366019248962,0.8721579313278198,0.8303423523902893,0.8638102412223816,0.9948832392692566,0.701629102230072,0.8724605441093445,0.8855409622192383,0.3541917204856872
1,86,85,False,0.8141905069351196,0.9015642404556274,0.836387574672699,0.8912666440010071,0.996996283531189,0.7898659706115723,0.9012153744697572,0.9169853925704956,0.0002500000118743,0.238514244556427,0.8079310059547424,0.8724981546401978,0.8371297121047974,0.8686442375183105,0.995414137840271,0.7314092516899109,0.8737424612045288,0.8872010707855225,0.3252511322498321
1,87,86,False,0.8036919832229614,0.9015565514564514,0.8389278650283813,0.8907949328422546,0.9970126152038574,0.7690057754516602,0.901040017604828,0.9170680046081544,0.0002500000118743,0.2595372200012207,0.7674857974052429,0.8805703520774841,0.8598315715789795,0.880706787109375,0.995339572429657,0.6975120306015015,0.8814948797225952,0.8928053975105286,0.3491381704807281
1,88,87,False,0.816865861415863,0.902439534664154,0.8451008200645447,0.8931671977043152,0.99702250957489,0.7799897193908691,0.90216064453125,0.9178630709648132,0.0002500000118743,0.247909739613533,0.8531150221824646,0.8774318695068359,0.8398609757423401,0.8924865126609802,0.9955393075942992,0.7405603528022766,0.8782514333724976,0.8914382457733154,0.3073270320892334
1,89,88,False,0.8124334812164307,0.9018217325210572,0.8462703824043274,0.8917768001556396,0.9970042705535888,0.7746478319168091,0.9014381766319276,0.9170730113983154,0.0002500000118743,0.2525208294391632,0.7464340925216675,0.8636035919189453,0.8256852626800537,0.8396801948547363,0.9955280423164368,0.7144456505775452,0.864647388458252,0.8758706450462341,0.3374363780021667
1,90,89,False,0.8151301741600037,0.9014070630073548,0.8423786163330078,0.8913010954856873,0.996978759765625,0.7770606279373169,0.9009639620780944,0.9166964888572692,0.0002500000118743,0.2503197491168976,0.8164161443710327,0.892003059387207,0.8202196359634399,0.8848744034767151,0.995556890964508,0.7581901550292969,0.8923903703689575,0.9039939641952516,0.2917545437812805
1,91,90,False,0.8137292861938477,0.8967787623405457,0.8364197015762329,0.8929979801177979,0.9968326091766356,0.7783992290496826,0.8965473175048828,0.9129106402397156,0.0002500000118743,0.251205563545227,0.7407844066619873,0.8709685206413269,0.7972007989883423,0.8653846979141235,0.9958969354629515,0.7018400430679321,0.8722687363624573,0.886059582233429,0.3470565676689148
1,92,91,False,0.8135441541671753,0.903001070022583,0.8419323563575745,0.8939710259437561,0.997044324874878,0.7860450744628906,0.9025943875312804,0.9182558655738832,0.0002500000118743,0.2419570982456207,0.7527151703834534,0.8725715279579163,0.8504888415336609,0.8679813146591187,0.9954002499580384,0.7109227776527405,0.8732326030731201,0.8870763778686523,0.3404399156570434
1,93,92,False,0.8174113631248474,0.9019175171852112,0.8415468335151672,0.8935845494270325,0.997026264667511,0.7710495591163635,0.9017244577407836,0.9177660942077636,0.0002500000118743,0.2571550607681274,0.730345606803894,0.8625937700271606,0.8210781216621399,0.8821036219596863,0.9952712059020996,0.6973825693130493,0.8625355958938599,0.8801735043525696,0.3597772717475891
1,94,93,False,0.8183887600898743,0.9039812684059144,0.8479557633399963,0.8951508402824402,0.9970669746398926,0.8004383444786072,0.9036028385162354,0.9191111326217652,0.0002500000118743,0.2275282740592956,0.798738420009613,0.8786149024963379,0.828210175037384,0.863887369632721,0.9955020546913148,0.6979900598526001,0.8792126774787903,0.8897548913955688,0.3531594574451446
1,95,94,False,0.8259507417678833,0.9028242230415344,0.8467785716056824,0.8935385346412659,0.997048020362854,0.785028338432312,0.9026055932044984,0.9182089567184448,0.0002500000118743,0.2422400563955307,0.7917314171791077,0.8828955888748169,0.8297863006591797,0.8962163329124451,0.9957131743431092,0.7413903474807739,0.8840814232826233,0.8974323272705078,0.3027704358100891
1,96,95,False,0.8229838013648987,0.9041031002998352,0.8475836515426636,0.8957554697990417,0.9970634579658508,0.7856654524803162,0.9037491083145142,0.919438660144806,0.0002500000118743,0.2419970631599426,0.7277586460113525,0.8705155849456787,0.839303731918335,0.8710670471191406,0.9955325126647948,0.6985859870910645,0.8700627684593201,0.8853869438171387,0.3558247089385986
1,97,96,False,0.8221150040626526,0.9056094288825988,0.8453016877174377,0.8960269093513489,0.9971336126327516,0.7798265218734741,0.9051833152770996,0.9204046726226808,0.0002500000118743,0.2472629696130752,0.7826999425888062,0.8787769675254822,0.8420504331588745,0.8830543756484985,0.9953663349151612,0.7297394275665283,0.8798421025276184,0.8919824957847595,0.3208160400390625
1,98,97,False,0.8108208179473877,0.9030945301055908,0.8395480513572693,0.8952104449272156,0.9970334768295288,0.7717039585113525,0.9031356573104858,0.9186797142028807,0.0002500000118743,0.2561476826667785,0.8607739806175232,0.8804699778556824,0.8635223507881165,0.8954138159751892,0.9958807229995728,0.7589083909988403,0.8811336755752563,0.893961489200592,0.2855571210384369
1,99,98,False,0.8233380913734436,0.9025240540504456,0.8359848856925964,0.8909803628921509,0.9970313310623168,0.7797560095787048,0.9021760821342468,0.9178159832954408,0.0002500000118743,0.2493803799152374,0.7202214002609253,0.8850415945053101,0.8278194665908813,0.8817172646522522,0.9955874681472778,0.7673008441925049,0.8837177753448486,0.8963474631309509,0.2810227274894714
1,100,99,False,0.8075013756752014,0.9007418155670166,0.8339115977287292,0.8919884562492371,0.9969642758369446,0.7680125832557678,0.9001221060752869,0.9160887598991394,0.0002500000118743,0.2615160644054413,0.769913375377655,0.8819941878318787,0.7991891503334045,0.8769212365150452,0.995657742023468,0.7134445309638977,0.8825516700744629,0.8975644707679749,0.334720253944397
2,101,0,True,0.7649065852165222,0.8400702476501465,0.6652494072914124,0.8497300744056702,0.9952133297920228,0.6845529675483704,0.8422475457191467,0.8653225898742676,0.0005000000237487,0.3733372986316681,0.1976306140422821,0.80791836977005,0.5411615967750549,0.7012616395950317,0.9938679933547974,0.578049898147583,0.8104279041290283,0.8152246475219727,0.5082272291183472
2,102,1,False,0.7291445732116699,0.8280951976776123,0.6521759033203125,0.8443575501441956,0.9953173398971558,0.6814757585525513,0.829451858997345,0.8474519848823547,0.0005000000237487,0.365534633398056,0.3906754553318023,0.8024223446846008,0.5816375017166138,0.6675161719322205,0.9940934777259828,0.6409709453582764,0.8018458485603333,0.7994609475135803,0.4217190146446228
2,103,2,False,0.7675743699073792,0.8316934704780579,0.6860416531562805,0.8361004590988159,0.9944778084754944,0.6640114188194275,0.8319974541664124,0.853234052658081,0.0005000000237487,0.3927767872810364,0.1623196452856063,0.8158595561981201,0.7349618673324585,0.7156897187232971,0.9946117401123048,0.6611607670783997,0.8187536001205444,0.8262205719947815,0.4017056822776794
2,104,3,False,0.7766532301902771,0.8540698885917664,0.7490829229354858,0.8570703864097595,0.9959298372268676,0.7064083814620972,0.8556844592094421,0.8756809830665588,0.0005000000237487,0.3332588374614715,0.1276200115680694,0.8132043480873108,0.6641108393669128,0.6809236407279968,0.9942647218704224,0.6795347332954407,0.8125792145729065,0.8153926134109497,0.3935659527778625
2,105,4,False,0.814651370048523,0.8461647629737854,0.7343307733535767,0.8477473855018616,0.9957369565963744,0.7118467688560486,0.8493109345436096,0.870252788066864,0.0005000000237487,0.3319961428642273,0.082836627960205,0.837725818157196,0.7863985896110535,0.7952019572257996,0.9966984391212464,0.6551107168197632,0.8417821526527405,0.8594034314155579,0.3813881278038025
2,106,5,False,0.8198233246803284,0.8394550681114197,0.7427124381065369,0.8491866588592529,0.995686173439026,0.7020449638366699,0.8419376015663147,0.860754668712616,0.0005000000237487,0.3394939601421356,0.0728573277592659,0.8209400177001953,0.6966912150382996,0.6500621438026428,0.9951173067092896,0.603855311870575,0.8236603736877441,0.8267711997032166,0.4638379514217376
2,107,6,False,0.8070032000541687,0.86830735206604,0.7645753026008606,0.857878565788269,0.9964057803153992,0.7219628095626831,0.8690311312675476,0.885113000869751,0.0005000000237487,0.3120146989822387,0.0632216930389404,0.8275797367095947,0.7141118049621582,0.7130144834518433,0.9948793053627014,0.6595560908317566,0.8297003507614136,0.8351973295211792,0.4078129231929779
2,108,7,False,0.8081858158111572,0.859857439994812,0.8132556676864624,0.8631898760795593,0.9964162707328796,0.7291934490203857,0.8616098165512085,0.8787591457366943,0.0005000000237487,0.3052113652229309,0.0253262966871261,0.796776294708252,0.7181714773178101,0.6476663947105408,0.9953448176383972,0.6377798318862915,0.7985830307006836,0.8005622625350952,0.427572637796402
2,109,8,False,0.8427473902702332,0.8465709686279297,0.7503936886787415,0.8408791422843933,0.9960706233978271,0.7289649844169617,0.8489683866500854,0.8679516911506653,0.0005000000237487,0.3125083148479461,0.3167606294155121,0.8171530365943909,0.6792361736297607,0.6749930381774902,0.9952445030212402,0.6432000398635864,0.8159334063529968,0.813287079334259,0.4075823724269867
2,110,9,False,0.7932361960411072,0.8543820977210999,0.783011257648468,0.8522638082504272,0.9959806203842164,0.7218268513679504,0.8560017347335815,0.8741040229797363,0.0005000000237487,0.3176782727241516,0.1991703659296035,0.8331799507141113,0.7851001024246216,0.8079415559768677,0.9963383674621582,0.6995214223861694,0.8360646367073059,0.8525934815406799,0.341901570558548
2,111,10,False,0.8075041770935059,0.843981921672821,0.7967797517776489,0.8534867167472839,0.9961673021316528,0.718334972858429,0.8456754088401794,0.866486132144928,0.0005000000237487,0.3212135136127472,0.0772914811968803,0.8199018836021423,0.7763168811798096,0.7837960124015808,0.9965946674346924,0.6667850613594055,0.825346052646637,0.8430173993110657,0.3774312734603882
2,112,11,False,0.8254839181900024,0.8636990785598755,0.8024751543998718,0.8691803812980652,0.9963757395744324,0.7544796466827393,0.8656394481658936,0.88555508852005,0.0005000000237487,0.2814854979515075,0.0881810188293457,0.8191120028495789,0.7060334086418152,0.7892264127731323,0.996399700641632,0.6405001282691956,0.8229315876960754,0.840110719203949,0.4113863110542297
2,113,12,False,0.8111299872398376,0.8475298285484314,0.7743273973464966,0.8568136692047119,0.995963454246521,0.7163770198822021,0.8489731550216675,0.8694922924041748,0.0005000000237487,0.3237166404724121,0.4143348932266235,0.8055999875068665,0.7382069826126099,0.7348964810371399,0.9948926568031312,0.6834514141082764,0.809607982635498,0.8194124102592468,0.3792298436164856
2,114,13,False,0.8408268094062805,0.8575794696807861,0.8010157346725464,0.8597938418388367,0.99626624584198,0.7454849481582642,0.8601774573326111,0.8791908025741577,0.0005000000237487,0.2926351130008697,0.3330321013927459,0.8075007796287537,0.7308533787727356,0.7351455688476562,0.9954280853271484,0.6363243460655212,0.8061544895172119,0.8081448674201965,0.4195216298103332
2,115,14,False,0.8011307716369629,0.843477725982666,0.7907899022102356,0.8424218893051147,0.9959028959274292,0.7333785891532898,0.8451735973358154,0.8648477792739868,0.0005000000237487,0.3069807589054107,0.402383029460907,0.8006537556648254,0.7223453521728516,0.6853699684143066,0.9952239394187928,0.6629710793495178,0.8041536808013916,0.8102357983589172,0.401014506816864
2,116,15,False,0.8497034311294556,0.8694887757301331,0.8143326640129089,0.8815414309501648,0.9964390397071838,0.752958357334137,0.8714849352836609,0.889589250087738,0.0002500000118743,0.2807987332344055,0.3103708326816559,0.8312773108482361,0.7818693518638611,0.7280731201171875,0.9956855177879332,0.657504677772522,0.8327720165252686,0.8400620222091675,0.3987805545330047
2,117,16,False,0.8214372396469116,0.8514072895050049,0.8247981667518616,0.8533049821853638,0.9967052936553956,0.7400633692741394,0.8536254167556763,0.8724212646484375,0.0002500000118743,0.2922395467758178,0.4224544167518616,0.8470630645751953,0.7796279191970825,0.728232204914093,0.9954900741577148,0.6878539323806763,0.849006712436676,0.8532735705375671,0.3719582855701446
2,118,17,False,0.8476800918579102,0.8869152665138245,0.8238738179206848,0.8768431544303894,0.9965954422950744,0.7814021706581116,0.8876052498817444,0.9019692540168762,0.0002500000118743,0.2508939206600189,0.3007161021232605,0.8267830610275269,0.7442793846130371,0.7127742171287537,0.995354175567627,0.6388744115829468,0.8282191753387451,0.8340990543365479,0.4269751608371734
2,119,18,False,0.8288546204566956,0.8711311221122742,0.8225034475326538,0.8635910153388977,0.99649977684021,0.7673120498657227,0.8725670576095581,0.8893199563026428,0.0002500000118743,0.268957257270813,0.3583910763263702,0.8287902474403381,0.7681664228439331,0.6906064748764038,0.9961683750152588,0.675566554069519,0.8277401328086853,0.8234217166900635,0.3696734011173248
2,120,19,False,0.8570986986160278,0.8757525086402893,0.8402401208877563,0.8768513202667236,0.99696946144104,0.7865889072418213,0.8773946166038513,0.894510805606842,0.0002500000118743,0.241948515176773,0.3757460713386535,0.8419055938720703,0.8018491268157959,0.8086274266242981,0.996767282485962,0.7157560586929321,0.8430752158164978,0.8588992953300476,0.3237636089324951
2,121,20,False,0.8564654588699341,0.8838145732879639,0.8426322340965271,0.8711311221122742,0.9969836473464966,0.7725139856338501,0.8850688338279724,0.8996454477310181,0.0002500000118743,0.256611555814743,0.2551468312740326,0.8024483323097229,0.7423524856567383,0.6358190178871155,0.9954143166542052,0.6532115936279297,0.8041402101516724,0.8056342601776123,0.4170387387275696
2,122,21,False,0.8585078716278076,0.8698323965072632,0.8195387125015259,0.8635007739067078,0.9965736269950868,0.7748493552207947,0.872344970703125,0.8901044726371765,0.0002500000118743,0.2597928643226623,0.3494848310947418,0.8385557532310486,0.7799856662750244,0.719383716583252,0.9957396388053894,0.6532130837440491,0.8385133147239685,0.8422262668609619,0.4037992060184479
2,123,22,False,0.8242112994194031,0.8650654554367065,0.8448523283004761,0.8538375496864319,0.9968984723091124,0.7665340900421143,0.8664021492004395,0.8815561532974243,0.0002500000118743,0.2632728517055511,0.2664379179477691,0.8244442343711853,0.7625821828842163,0.6732946038246155,0.9954745173454284,0.6595773696899414,0.8250832557678223,0.8319219350814819,0.4060942530632019
2,124,23,False,0.841864824295044,0.8809301853179932,0.8541449904441833,0.8701739311218262,0.9970756769180298,0.7863673567771912,0.8824091553688049,0.8970059156417847,0.0002500000118743,0.2420380115509033,0.2206230014562606,0.8445516228675842,0.7744326591491699,0.8052369356155396,0.9970547556877136,0.6799920797348022,0.84611576795578,0.8642008304595947,0.3630983829498291
2,125,24,False,0.8586317300796509,0.8791196942329407,0.8451558351516724,0.8692048192024231,0.9971910119056702,0.7873892784118652,0.8805209398269653,0.8958349227905273,0.0002500000118743,0.240166500210762,0.0291753076016902,0.81489497423172,0.782774806022644,0.7209650278091431,0.9958735108375548,0.6441330313682556,0.8180408477783203,0.8268488049507141,0.4181500971317291
2,126,25,False,0.8536126613616943,0.8550660610198975,0.8293719291687012,0.8555321097373962,0.9965999126434326,0.7765054702758789,0.8575451374053955,0.8747486472129822,0.0002500000118743,0.2602297365665436,0.0946920812129974,0.815622091293335,0.8138622641563416,0.7110087275505066,0.9958377480506896,0.6241275072097778,0.8180098533630371,0.8297089338302612,0.4349395334720611
2,127,26,False,0.8758547902107239,0.8888918161392212,0.8613433241844177,0.8807275891304016,0.9971882700920104,0.8043146729469299,0.8898940086364746,0.9045173525810242,0.0002500000118743,0.2225777357816696,0.0891040191054344,0.8102891445159912,0.7893327474594116,0.7522873878479004,0.9956446290016174,0.6034786701202393,0.8141028881072998,0.8266443610191345,0.4677551686763763
2,128,27,False,0.8585325479507446,0.874774158000946,0.8361228108406067,0.8726133108139038,0.9966126084327698,0.7860383987426758,0.8766741156578064,0.894016683101654,0.0002500000118743,0.2488094121217727,0.2974438965320587,0.7989256978034973,0.7792977690696716,0.705361008644104,0.995889127254486,0.6670249700546265,0.8015009164810181,0.8142974376678467,0.3988536894321441
2,129,28,False,0.857219398021698,0.8858060240745544,0.8524554371833801,0.8856455087661743,0.9971641898155212,0.792496919631958,0.8867007493972778,0.9025228023529052,0.0002500000118743,0.2354404926300048,0.3799335062503814,0.8283809423446655,0.7970423102378845,0.7375357151031494,0.9956325888633728,0.6937068700790405,0.8293910622596741,0.8398991227149963,0.3722972273826599
2,130,29,False,0.8615038990974426,0.8726543188095093,0.8564758896827698,0.8833529353141785,0.9966686964035034,0.7799339890480042,0.8749617338180542,0.893151581287384,0.0002500000118743,0.253010481595993,0.2584119141101837,0.8058717846870422,0.8164717555046082,0.6920892000198364,0.9954219460487366,0.6782997846603394,0.8082848191261292,0.8164502382278442,0.3815782070159912
2,131,30,False,0.8499501347541809,0.8727004528045654,0.8412611484527588,0.8723073601722717,0.9966385960578918,0.7805312275886536,0.8742451071739197,0.8907566070556641,0.0002500000118743,0.2525900602340698,0.3401221930980682,0.8264905214309692,0.8046857118606567,0.692609429359436,0.9957917332649232,0.6907843947410583,0.8286131024360657,0.8357770442962646,0.3694929182529449
2,132,31,False,0.8542230129241943,0.8835726380348206,0.8651766777038574,0.8661400675773621,0.997296154499054,0.8118135929107666,0.885219931602478,0.8989001512527466,0.0002500000118743,0.2148689478635788,0.2929094433784485,0.8238778710365295,0.7911974191665649,0.7002107501029968,0.995755672454834,0.6505216360092163,0.8278714418411255,0.833073079586029,0.412983238697052
2,133,32,False,0.8719752430915833,0.8912410140037537,0.8438701033592224,0.8819277286529541,0.9967368841171264,0.7935734987258911,0.8927302360534668,0.9077293872833252,0.0002500000118743,0.237620398402214,0.3120717108249664,0.8283133506774902,0.7843805551528931,0.7310957312583923,0.9958943128585817,0.6573131084442139,0.8272446990013123,0.826387882232666,0.3936085402965545
2,134,33,False,0.8475680351257324,0.8807439804077148,0.8482068181037903,0.8693839907646179,0.9968067407608032,0.7594606280326843,0.8817400336265564,0.8972375392913818,0.0002500000118743,0.2721967101097107,0.2736417055130005,0.8418177962303162,0.7722523808479309,0.7484539151191711,0.9954952001571656,0.684421181678772,0.8419878482818604,0.8470427989959717,0.3816974759101867
2,135,34,False,0.883237361907959,0.8679728507995605,0.8355693221092224,0.8504639863967896,0.9969134330749512,0.7717851400375366,0.8700752854347229,0.88487309217453,0.0001250000059371,0.2597492337226867,0.2818956673145294,0.8143935203552246,0.7994552850723267,0.7035496234893799,0.9959818720817566,0.6901500821113586,0.8169676065444946,0.8253012895584106,0.3701815605163574
2,136,35,False,0.8765629529953003,0.8748731017112732,0.8609074950218201,0.8793760538101196,0.9969034194946288,0.789621889591217,0.876943051815033,0.893983006477356,0.0001250000059371,0.239616647362709,0.3161130845546722,0.8310871124267578,0.792687714099884,0.7476528286933899,0.9957929849624634,0.6500069499015808,0.8326519727706909,0.8414846062660217,0.4079658389091491
2,137,36,False,0.8872050642967224,0.88653564453125,0.8530568480491638,0.8882578015327454,0.997166097164154,0.8188974857330322,0.8887668251991272,0.9056670665740968,0.0001250000059371,0.2082462906837463,0.2971086204051971,0.8261133432388306,0.7956255674362183,0.7201160192489624,0.9956684708595276,0.7036640048027039,0.8279284238815308,0.8351176381111145,0.3616532683372497
2,138,37,False,0.8817943930625916,0.8895006775856018,0.8674913644790649,0.8849745392799377,0.997014343738556,0.7994263768196106,0.8912949562072754,0.906834363937378,0.0001250000059371,0.23014697432518,0.3297789990901947,0.7939513325691223,0.8118000626564026,0.5982391834259033,0.9959892630577089,0.6783145070075989,0.7967411279678345,0.7999942898750305,0.3802160918712616
2,139,38,False,0.871590793132782,0.8938227295875549,0.8710271716117859,0.8920756578445435,0.9970803260803224,0.8014172911643982,0.8946499228477478,0.9088271260261536,0.0001250000059371,0.2248948812484741,0.3424341678619385,0.8123071789741516,0.7843536734580994,0.7316572070121765,0.9955471754074096,0.6603193879127502,0.8140740394592285,0.8258686065673828,0.4057825207710266
2,140,39,False,0.8712666034698486,0.8787275552749634,0.8589363694190979,0.8874334692955017,0.9970560669898988,0.7957749366760254,0.8803235292434692,0.8989608287811279,0.0001250000059371,0.2338479161262512,0.3558263778686523,0.8325560092926025,0.8241586685180664,0.7621569037437439,0.9959456324577332,0.6801917552947998,0.8346453309059143,0.8465501666069031,0.3748459815979004
2,141,40,False,0.8807637691497803,0.8829990029335022,0.8497009873390198,0.882526695728302,0.9970757961273192,0.8051797747612,0.8844960331916809,0.9013512134552002,0.0001250000059371,0.2238046824932098,0.3284765481948852,0.8423723578453064,0.80095374584198,0.7477014660835266,0.9958717823028564,0.6836362481117249,0.8446488976478577,0.8539313077926636,0.3769095242023468
2,142,41,False,0.891812264919281,0.8957804441452026,0.8676174879074097,0.8841530680656433,0.9969698190689088,0.7935922145843506,0.897133469581604,0.9085957407951356,0.0001250000059371,0.2339713871479034,0.351972371339798,0.8273197412490845,0.8137841820716858,0.7550672292709351,0.9960255026817322,0.6432279348373413,0.8284428119659424,0.8420787453651428,0.4163055419921875
2,143,42,False,0.8929298520088196,0.8972033262252808,0.8654829859733582,0.8847415447235107,0.9973270893096924,0.8090079426765442,0.8985122442245483,0.9108139276504515,0.0001250000059371,0.2159722596406936,0.464969277381897,0.8228328227996826,0.7932664752006531,0.7475795745849609,0.9957683682441713,0.6734494566917419,0.8253991007804871,0.8349670171737671,0.3890863955020904
2,144,43,False,0.8639366030693054,0.8733720779418945,0.8691584467887878,0.8865893483161926,0.9971107840538024,0.7976353764533997,0.8761066794395447,0.8950917720794678,0.0001250000059371,0.2304463982582092,0.3105446398258209,0.814525842666626,0.8170075416564941,0.6942172050476074,0.995871603488922,0.6922917366027832,0.8161471486091614,0.8256273865699768,0.3672698140144348
3,145,0,True,0.744101345539093,0.8228325843811035,0.7554606199264526,0.8240545392036438,0.995540201663971,0.6923742890357971,0.8251734972000122,0.841838002204895,9.999999747378752e-05,0.3609755933284759,0.1730647683143615,0.8112307786941528,0.7936117053031921,0.7472217082977295,0.9942016005516052,0.6135926842689514,0.8197818398475647,0.8294188976287842,0.468093603849411
3,146,1,False,0.7706243991851807,0.8250187635421753,0.7683767676353455,0.810427188873291,0.9954963326454164,0.7050071358680725,0.8260682225227356,0.840265691280365,9.999999747378752e-05,0.3427294790744781,0.1376872062683105,0.8190793991088867,0.8061391711235046,0.74539715051651,0.9944022297859192,0.6188093423843384,0.8261000514030457,0.8328334093093872,0.4583592712879181
3,147,2,False,0.7583003640174866,0.839055597782135,0.7874996066093445,0.8241901397705078,0.9957919716835022,0.7223032712936401,0.8414226174354553,0.8560576438903809,9.999999747378752e-05,0.3201001584529876,0.351966381072998,0.8228070735931396,0.8222153782844543,0.7885105609893799,0.9950388669967652,0.6594722867012024,0.8276301026344299,0.8413210511207581,0.3969680070877075
3,148,3,False,0.7271515727043152,0.8261395692825317,0.7912576794624329,0.8339724540710449,0.995214819908142,0.7194720506668091,0.8264976739883423,0.8425389528274536,9.999999747378752e-05,0.3265376091003418,0.1646898984909057,0.8163036108016968,0.8224335312843323,0.7567620873451233,0.994464635848999,0.6383070349693298,0.8233712911605835,0.832226574420929,0.4302238225936889
3,149,4,False,0.8465447425842285,0.8256388902664185,0.7968436479568481,0.8309064507484436,0.9958598017692566,0.7160548567771912,0.8276771903038025,0.8434743881225586,9.999999747378752e-05,0.3226171433925628,0.2546635270118713,0.816003680229187,0.8313277363777161,0.7511574029922485,0.9943514466285706,0.6539322733879089,0.8233548998832703,0.8328322768211365,0.4185865819454193
3,150,5,False,0.7001481056213379,0.8048050999641418,0.789595901966095,0.7935314178466797,0.9949234127998352,0.7188089489936829,0.8073791861534119,0.8226975202560425,9.999999747378752e-05,0.3309466242790222,0.211115762591362,0.8140309453010559,0.8255483508110046,0.7415319085121155,0.9943603873252868,0.6256648898124695,0.822311282157898,0.8321495056152344,0.4468035101890564
3,151,6,False,0.80567866563797,0.8272899985313416,0.8103815317153931,0.8489521741867065,0.9954922199249268,0.7326622009277344,0.830578088760376,0.8507638573646545,9.999999747378752e-05,0.3081377744674682,0.1647091507911682,0.8060751557350159,0.7689266204833984,0.6836244463920593,0.9936490058898926,0.601567804813385,0.8145068883895874,0.8199530243873596,0.4788055717945099
3,152,7,False,0.8381535410881042,0.8183668255805969,0.7974511981010437,0.8288408517837524,0.9958450198173524,0.7295389175415039,0.8219093680381775,0.8387539386749268,9.999999747378752e-05,0.3098404705524444,0.224010095000267,0.8199418187141418,0.8191406726837158,0.7203862071037292,0.9946361184120178,0.6454148888587952,0.8286077976226807,0.8362959027290344,0.4215419888496399
3,153,8,False,0.8238269090652466,0.8372379541397095,0.7940402626991272,0.8466187119483948,0.9959087371826172,0.7364401817321777,0.8409042954444885,0.8591893315315247,9.999999747378752e-05,0.3008209764957428,0.2538585960865021,0.8253464698791504,0.8320636749267578,0.7712734937667847,0.9949368238449096,0.655265212059021,0.8339539170265198,0.8453761339187622,0.4129477143287658
3,154,9,False,0.7837018370628357,0.8324889540672302,0.8203170895576477,0.8180084228515625,0.9954519867897034,0.7329110503196716,0.8334521651268005,0.8466053605079651,9.999999747378752e-05,0.3096485137939453,0.3002160489559173,0.816558837890625,0.8106862306594849,0.7833017110824585,0.99478942155838,0.676842987537384,0.8267248868942261,0.8411133885383606,0.3888275325298309
3,155,10,False,0.7789334654808044,0.8216020464897156,0.8085120916366577,0.8320924043655396,0.9954691529273988,0.7364619970321655,0.8239203095436096,0.8409423232078552,9.999999747378752e-05,0.3047221302986145,0.2500663101673126,0.8182629346847534,0.8367467522621155,0.7037461400032043,0.9945690631866456,0.6726815104484558,0.8269866108894348,0.8338515162467957,0.3950825035572052
3,156,11,False,0.8565174341201782,0.8268352746963501,0.8061350584030151,0.845086932182312,0.9954914450645448,0.7407483458518982,0.8300718069076538,0.8485679030418396,9.999999747378752e-05,0.3000657558441162,0.2020242512226104,0.8182992935180664,0.81520676612854,0.7772591710090637,0.9947417974472046,0.6195787787437439,0.8265665769577026,0.8398841619491577,0.4470253586769104
3,157,12,False,0.7713661789894104,0.833209753036499,0.8267746567726135,0.8464048504829407,0.9958430528640748,0.7438178062438965,0.8350871205329895,0.8509340286254883,9.999999747378752e-05,0.2932908833026886,0.2520883977413177,0.8233784437179565,0.8312380313873291,0.7629627585411072,0.9943826794624328,0.6406862139701843,0.8310555219650269,0.8415992856025696,0.4324498176574707
3,158,13,False,0.842992901802063,0.8310827612876892,0.8088008165359497,0.8446657061576843,0.9958582520484924,0.7439454793930054,0.8338417410850525,0.8520097732543945,9.999999747378752e-05,0.2927891314029693,0.1411666572093963,0.8240705728530884,0.8278721570968628,0.7023841738700867,0.9944941997528076,0.6414182186126709,0.829927921295166,0.8330936431884766,0.4313311576843261
3,159,14,False,0.8439826965332031,0.8427132964134216,0.8243408799171448,0.8656150102615356,0.9959298968315125,0.7522404193878174,0.8466058373451233,0.8650502562522888,9.999999747378752e-05,0.2845849692821502,0.3141356408596039,0.8269984126091003,0.822113573551178,0.7782039046287537,0.9945262670516968,0.6529457569122314,0.8354623913764954,0.847266674041748,0.4184444844722748
3,160,15,False,0.8205069899559021,0.8319385647773743,0.8281248807907104,0.8440163731575012,0.9958585500717164,0.7469821572303772,0.8333084583282471,0.8496527671813965,9.999999747378752e-05,0.2907007932662964,0.2623164653778076,0.8221626281738281,0.8350706100463867,0.7654150724411011,0.994567334651947,0.6540560126304626,0.8302837610244751,0.8405213356018066,0.4189625978469848
3,161,16,False,0.6938437223434448,0.8469638824462891,0.8195543885231018,0.832996666431427,0.9962114691734314,0.7531700134277344,0.847965657711029,0.8600798845291138,9.999999747378752e-05,0.2814506590366363,0.2547476291656494,0.8249245285987854,0.8373479843139648,0.7778326272964478,0.99475759267807,0.6734355092048645,0.8329585790634155,0.844533383846283,0.3936587870121002
3,162,17,False,0.8370994329452515,0.8530179262161255,0.8355528712272644,0.8490880727767944,0.9958814978599548,0.7584200501441956,0.8543884754180908,0.86728435754776,9.999999747378752e-05,0.2776833474636078,0.1935586333274841,0.830909252166748,0.8386756181716919,0.6889100670814514,0.994963526725769,0.6669169664382935,0.8390986323356628,0.8424426913261414,0.4005759954452514
3,163,18,False,0.7330999970436096,0.85394287109375,0.8396360278129578,0.8618209958076477,0.996396780014038,0.7560002207756042,0.8553559184074402,0.8706842064857483,9.999999747378752e-05,0.276377260684967,0.2825367152690887,0.8290480375289917,0.8423026204109192,0.7423743605613708,0.9950236678123474,0.6640768051147461,0.8370395302772522,0.8452203869819641,0.4011468291282654
3,164,19,False,0.8719468712806702,0.8467328548431396,0.8455080986022949,0.8709911108016968,0.9963159561157228,0.7695148587226868,0.8489584922790527,0.8671348094940186,9.999999747378752e-05,0.2634156048297882,0.2803728580474853,0.8235858082771301,0.8417935967445374,0.7847877144813538,0.9946913719177246,0.6413992643356323,0.8318416476249695,0.8448586463928223,0.4279530644416809
3,165,20,False,0.8370239734649658,0.8506615161895752,0.8564473390579224,0.8586813807487488,0.9964722990989684,0.7741159796714783,0.8525376319885254,0.8689406514167786,9.999999747378752e-05,0.2571321725845337,0.3972128629684448,0.8420016765594482,0.8093894720077515,0.7992867231369019,0.995276153087616,0.6781283020973206,0.8465844392776489,0.8594492673873901,0.3791589140892029
3,166,21,False,0.8454869985580444,0.8450486660003662,0.8339084982872009,0.8678612112998962,0.996428906917572,0.7761148810386658,0.848749577999115,0.8658202290534973,9.999999747378752e-05,0.257514625787735,0.4464492201805115,0.8339839577674866,0.8403722047805786,0.7493222951889038,0.9954317808151244,0.6923378109931946,0.8375442624092102,0.8460676074028015,0.3596910536289215
3,167,22,False,0.8545588254928589,0.8317202925682068,0.8374069929122925,0.8457578420639038,0.996176540851593,0.7586467266082764,0.8350127935409546,0.8548220992088318,9.999999747378752e-05,0.2771416008472442,0.3110466301441192,0.8318900465965271,0.8442904353141785,0.7620496153831482,0.9949736595153807,0.6869657635688782,0.8405805230140686,0.8502939343452454,0.382508784532547
3,168,23,False,0.8014129400253296,0.8575953245162964,0.8395081758499146,0.8678845763206482,0.9964446425437928,0.7686324119567871,0.8591288924217224,0.872770369052887,9.999999747378752e-05,0.2637048065662384,0.2913827300071716,0.8282710313796997,0.8465791344642639,0.7747814655303955,0.9949631690979004,0.700590968132019,0.8351595401763916,0.845966100692749,0.3682040274143219
3,169,24,False,0.819582998752594,0.8484994769096375,0.856673538684845,0.8450936675071716,0.9966292977333068,0.7618568539619446,0.8505871295928955,0.8643984198570251,9.999999747378752e-05,0.2693722248077392,0.2158172726631164,0.8218759298324585,0.838751494884491,0.7721870541572571,0.9947052001953124,0.6386107802391052,0.8308482766151428,0.8440530300140381,0.437830239534378
3,170,25,False,0.8417118191719055,0.8552092909812927,0.8277145028114319,0.8588085770606995,0.996101140975952,0.7709662914276123,0.8572194576263428,0.8727376461029053,9.999999747378752e-05,0.2644897103309631,0.2600835561752319,0.826698362827301,0.8580026030540466,0.7766964435577393,0.9953293204307556,0.650089681148529,0.8348727226257324,0.8481106162071228,0.414507120847702
3,171,26,False,0.8930695056915283,0.857206404209137,0.844098687171936,0.8840271830558777,0.996565580368042,0.7840502858161926,0.8601883053779602,0.8786530494689941,9.999999747378752e-05,0.2457638531923294,0.4331598579883575,0.8440731763839722,0.8335535526275635,0.7943355441093445,0.9951723217964172,0.6713488101959229,0.8471528887748718,0.8581497669219971,0.3878649175167084
3,172,27,False,0.8384131789207458,0.8395641446113586,0.8524320721626282,0.8689591288566589,0.9961435198783876,0.772323727607727,0.8432005047798157,0.862535834312439,9.999999747378752e-05,0.2648325264453888,0.2336540669202804,0.8211183547973633,0.8402390480041504,0.7662935853004456,0.9950710535049438,0.6971256732940674,0.8300463557243347,0.8451853394508362,0.3752172589302063
3,173,28,False,0.7682809829711914,0.8516437411308289,0.8575288653373718,0.8454204797744751,0.9964911937713624,0.7807853817939758,0.8530511260032654,0.8659256100654602,9.999999747378752e-05,0.2510195672512054,0.2227359563112259,0.8336079716682434,0.8259308338165283,0.7681348323822021,0.9949226379394532,0.6431208848953247,0.8425875902175903,0.854458212852478,0.4299009442329407
3,174,29,False,0.851559579372406,0.843139111995697,0.8511901497840881,0.8698462247848511,0.9963181614875792,0.7777210474014282,0.846018373966217,0.8648020029067993,9.999999747378752e-05,0.2562296092510223,0.3076733648777008,0.8367969989776611,0.8607724905014038,0.7730929255485535,0.9950281977653505,0.6678012609481812,0.8435192704200745,0.8542337417602539,0.4007703363895416
3,175,30,False,0.8442960977554321,0.8438003063201904,0.8530353903770447,0.8475750684738159,0.9965983033180236,0.7831324934959412,0.8468838334083557,0.8626602292060852,9.999999747378752e-05,0.2489993870258331,0.2826946377754211,0.8371019959449768,0.8497951626777649,0.7678574919700623,0.9949809908866882,0.6847823262214661,0.8452781438827515,0.854568362236023,0.3877821564674377
3,176,31,False,0.8338931202888489,0.850837230682373,0.8451809883117676,0.8603549599647522,0.9962361454963684,0.7793400287628174,0.8526991009712219,0.8674643635749817,4.999999873689376e-05,0.2559234201908111,0.3047732710838318,0.8301631808280945,0.8326430916786194,0.7909896969795227,0.995432436466217,0.6933430433273315,0.8390014171600342,0.8529621362686157,0.37307009100914
3,177,32,False,0.8709481954574585,0.8563241958618164,0.8658837080001831,0.8508978486061096,0.996671736240387,0.7853838205337524,0.8579404950141907,0.8714038133621216,4.999999873689376e-05,0.2451163977384567,0.309352695941925,0.8318731784820557,0.8633732199668884,0.7919163107872009,0.9950494170188904,0.6711731553077698,0.8395424485206604,0.8523200750350952,0.3967861235141754
3,178,33,False,0.8152945041656494,0.8534016609191895,0.8449513912200928,0.8588994741439819,0.996221959590912,0.7812336087226868,0.8556410670280457,0.869756281375885,4.999999873689376e-05,0.2531473636627197,0.2642927765846252,0.8349618315696716,0.8549090623855591,0.7821969389915466,0.9950838088989258,0.6453573703765869,0.842362105846405,0.8545582294464111,0.4236425757408142
3,179,34,False,0.86864173412323,0.8475481271743774,0.862269937992096,0.8611345291137695,0.9964464902877808,0.7929103374481201,0.8508265614509583,0.8655502796173096,4.999999873689376e-05,0.2397549897432327,0.2356313318014145,0.8331479430198669,0.8338871002197266,0.7717042565345764,0.9954374432563782,0.6797676086425781,0.8413381576538086,0.8540624380111694,0.3876576423645019
3,180,35,False,0.8481172919273376,0.8478707075119019,0.8565133213996887,0.8790112137794495,0.996545910835266,0.7824769616127014,0.8505891561508179,0.8710577487945557,4.999999873689376e-05,0.248200312256813,0.3016867339611053,0.8330925107002258,0.8426434397697449,0.7848593592643738,0.995299518108368,0.6589583158493042,0.8409117460250854,0.8529477715492249,0.408404678106308
3,181,36,False,0.7993999719619751,0.8468140363693237,0.8686189651489258,0.8538597226142883,0.9963993430137634,0.7773600220680237,0.8491877913475037,0.8646207451820374,4.999999873689376e-05,0.2548801302909851,0.2637261748313904,0.834298849105835,0.8606578707695007,0.7389242053031921,0.995392084121704,0.6704456806182861,0.8424610495567322,0.8511053919792175,0.3943085074424743
3,182,37,False,0.8891259431838989,0.8652696013450623,0.8543343544006348,0.8912780284881592,0.99685400724411,0.8016306757926941,0.8680225610733032,0.8867188692092896,4.999999873689376e-05,0.2267366796731948,0.2589449882507324,0.842437744140625,0.8512623906135559,0.7663652300834656,0.9953325986862184,0.6632393002510071,0.8499331474304199,0.8596377372741699,0.4039918780326843
3,183,38,False,0.8303561210632324,0.8508251905441284,0.854053795337677,0.8424931764602661,0.9963671565055848,0.7923011779785156,0.8525727987289429,0.8641730546951294,4.999999873689376e-05,0.2421478033065796,0.4459879994392395,0.854449450969696,0.8375481367111206,0.813145637512207,0.995768904685974,0.6830790042877197,0.8579044342041016,0.8706327676773071,0.3660423159599304
3,184,39,False,0.8455573916435242,0.8601130843162537,0.8592739701271057,0.8678975701332092,0.9964554905891418,0.7873777151107788,0.8619887232780457,0.8772260546684265,4.999999873689376e-05,0.244630679488182,0.2787432372570038,0.8418932557106018,0.8569332361221313,0.7699707746505737,0.9952440857887268,0.6743543744087219,0.8494827747344971,0.8605790734291077,0.3966815173625946
3,185,40,False,0.8074004054069519,0.8636782765388489,0.8706050515174866,0.8718117475509644,0.9968037009239196,0.7883395552635193,0.8653366565704346,0.8799217343330383,4.999999873689376e-05,0.2408769130706787,0.2898159921169281,0.8379242420196533,0.8449040651321411,0.7793992161750793,0.9953395128250122,0.661635160446167,0.8456538915634155,0.8584218621253967,0.4069598317146301
3,186,41,False,0.8366636037826538,0.8601551651954651,0.858543336391449,0.8653871417045593,0.996485471725464,0.7903077006340027,0.8614959716796875,0.8750148415565491,4.999999873689376e-05,0.2407726645469665,0.3246977031230926,0.8346829414367676,0.8608300089836121,0.7906153798103333,0.9954005479812622,0.6990770101547241,0.8418929576873779,0.8550615906715393,0.3665415346622467
3,187,42,False,0.8590410947799683,0.8566039204597473,0.8636422157287598,0.8657085299491882,0.996270477771759,0.7889302372932434,0.8577650785446167,0.8718538880348206,4.999999873689376e-05,0.2440044581890106,0.274759978055954,0.8411506414413452,0.8606370091438293,0.7781661152839661,0.9952539801597596,0.6830838322639465,0.8472411632537842,0.8575435280799866,0.3835884034633636
3,188,43,False,0.7254089117050171,0.8575043678283691,0.8578174114227295,0.8542743921279907,0.9964925050735474,0.785186231136322,0.858797013759613,0.8715181946754456,4.999999873689376e-05,0.2465924024581909,0.3248012661933899,0.8295284509658813,0.8723980784416199,0.7859416007995605,0.9951733350753784,0.7059537172317505,0.8369086980819702,0.8493478298187256,0.359080821275711
3,189,44,False,0.8301957249641418,0.8533958196640015,0.8607836961746216,0.8645409345626831,0.9964953064918518,0.7867303490638733,0.8562512397766113,0.8720911741256714,4.999999873689376e-05,0.2461032420396804,0.2924793660640716,0.8360022306442261,0.8400375843048096,0.7723583579063416,0.9952722787857056,0.6575915813446045,0.843576967716217,0.8567284345626831,0.4121752381324768
3,190,45,False,0.8787086009979248,0.8439652323722839,0.8528407216072083,0.8389068841934204,0.9962890148162842,0.7865426540374756,0.8455253839492798,0.8570855259895325,4.999999873689376e-05,0.2467815279960632,0.3017935752868652,0.8405829668045044,0.8566625714302063,0.6943424344062805,0.9953336715698242,0.6584224700927734,0.848328173160553,0.8537229895591736,0.4107260704040527
3,191,46,False,0.850252628326416,0.8576653599739075,0.855402410030365,0.8551692962646484,0.9965203404426576,0.7955672740936279,0.8593010306358337,0.8728709816932678,4.999999873689376e-05,0.2350718826055526,0.2781011462211609,0.8380182385444641,0.8465085029602051,0.7839400172233582,0.9954189658164978,0.6901853680610657,0.8455759882926941,0.8585189580917358,0.3803218603134155
3,192,47,False,0.8617960214614868,0.8647133111953735,0.8740836977958679,0.8745913505554199,0.996778964996338,0.8145686984062195,0.8674687743186951,0.8815996646881104,4.999999873689376e-05,0.2148334980010986,0.3081301748752594,0.8352409601211548,0.8666405081748962,0.7751184105873108,0.9956132173538208,0.6917446851730347,0.8442082405090332,0.8562747836112976,0.3722877502441406
3,193,48,False,0.8171036839485168,0.8536679744720459,0.863560140132904,0.858242392539978,0.9963381290435792,0.795559287071228,0.8557360768318176,0.8698819875717163,4.999999873689376e-05,0.2390432804822921,0.3998101353645324,0.8590147495269775,0.8519212007522583,0.8083735108375549,0.9956450462341307,0.6811727285385132,0.8618595004081726,0.873154878616333,0.3707516491413116
3,194,49,False,0.8937830328941345,0.8577370047569275,0.8613981604576111,0.8872125148773193,0.9964500665664672,0.8056306838989258,0.8607483506202698,0.8795022964477539,4.999999873689376e-05,0.226038247346878,0.1702479869127273,0.8376182913780212,0.8656226396560669,0.7242758274078369,0.9953372478485109,0.6620393991470337,0.8431984186172485,0.8484137654304504,0.4033308625221252
3,195,50,False,0.8736958503723145,0.8582552671432495,0.8643364906311035,0.8684189319610596,0.99673730134964,0.794516384601593,0.860099732875824,0.874919593334198,4.999999873689376e-05,0.2348302602767944,0.3304909765720367,0.8407444953918457,0.8721229434013367,0.7913719415664673,0.995438814163208,0.7072027921676636,0.8475469946861267,0.8600041270256042,0.3572554588317871
3,196,51,False,0.8570331335067749,0.8532602787017822,0.8719850182533264,0.880921483039856,0.9965910315513612,0.797773540019989,0.8567530512809753,0.8746417760848999,4.999999873689376e-05,0.2332997322082519,0.3294848799705505,0.8398072123527527,0.8617328405380249,0.7874104976654053,0.995349645614624,0.6651983857154846,0.8476957082748413,0.8607300519943237,0.4025859534740448
3,197,52,False,0.8582332134246826,0.8630470037460327,0.8707996606826782,0.8732610940933228,0.9964154362678528,0.8008221983909607,0.8648367524147034,0.8797296285629272,4.999999873689376e-05,0.2315823435783386,0.4516877830028534,0.8617503046989441,0.8577956557273865,0.8086564540863037,0.9957051873207092,0.7031289339065552,0.8650755882263184,0.8760150074958801,0.3477835357189178
3,198,53,False,0.8568523526191711,0.8649595975875854,0.8783726096153259,0.8725582957267761,0.996896505355835,0.805290937423706,0.8673974275588989,0.8812616467475891,4.999999873689376e-05,0.2221585661172866,0.3185358643531799,0.842856228351593,0.8574816584587097,0.7840301394462585,0.9953824877738952,0.6795290112495422,0.8508778214454651,0.8637188076972961,0.3892375230789184
3,199,54,False,0.8492981791496277,0.8630937933921814,0.8768852353096008,0.8707341551780701,0.996707797050476,0.8118999600410461,0.8646475672721863,0.8789234161376953,4.999999873689376e-05,0.2170596569776535,0.4490204751491546,0.8528189659118652,0.865181028842926,0.8160406947135925,0.9957698583602904,0.6813399791717529,0.8562285900115967,0.8701096773147583,0.3683429956436157
3,200,55,False,0.8525568842887878,0.8490968346595764,0.8685615658760071,0.8558016419410706,0.9965614080429076,0.8023671507835388,0.8517588973045349,0.8665549159049988,4.999999873689376e-05,0.2299289554357528,0.3288317620754242,0.8403830528259277,0.8630357980728149,0.7893458008766174,0.9953586459159852,0.7033774852752686,0.8484962582588196,0.8618485331535339,0.3631995618343353
3,201,56,False,0.744196891784668,0.8600375652313232,0.8656600713729858,0.8581036925315857,0.9969934821128844,0.8006556034088135,0.8602162599563599,0.872088611125946,4.999999873689376e-05,0.2265291213989257,0.2400316298007965,0.8502010703086853,0.8609660267829895,0.7407352924346924,0.9955177903175354,0.6803680658340454,0.8566697239875793,0.8640780448913574,0.3858008086681366
3,202,57,False,0.8640315532684326,0.8475648164749146,0.8656595945358276,0.8508510589599609,0.9961968660354614,0.7986063361167908,0.8513107895851135,0.8659917712211609,4.999999873689376e-05,0.2384892851114273,0.2370855659246444,0.8359107375144958,0.8521597385406494,0.7932012677192688,0.9951620101928712,0.6760774254798889,0.8430194854736328,0.8547107577323914,0.3906177282333374
3,203,58,False,0.8950216174125671,0.8655201196670532,0.8729628324508667,0.8846379518508911,0.9967790246009828,0.8087636232376099,0.8675388097763062,0.8829396367073059,4.999999873689376e-05,0.2180149108171463,0.3403973579406738,0.8428751230239868,0.8453155159950256,0.7971515655517578,0.9955095052719116,0.6875941753387451,0.8503812551498413,0.8640691637992859,0.377697080373764
3,204,59,False,0.8361766934394836,0.8621741533279419,0.8768324851989746,0.8641945719718933,0.9966371655464172,0.8026500940322876,0.8647468090057373,0.878715991973877,4.999999873689376e-05,0.2293931543827057,0.509311318397522,0.8518937230110168,0.8632597923278809,0.814860463142395,0.9954891204833984,0.6936490535736084,0.8550626635551453,0.8691662549972534,0.3574489653110504
3,205,60,False,0.8482397794723511,0.851457417011261,0.8696990609169006,0.8585688471794128,0.996469795703888,0.8079268932342529,0.8538424372673035,0.8686090111732483,4.999999873689376e-05,0.225055456161499,0.3136344850063324,0.8397300243377686,0.8614025115966797,0.7843192219734192,0.9951813220977784,0.6756869554519653,0.8468604683876038,0.8596871495246887,0.3955337107181549
3,206,61,False,0.8362913727760315,0.8571034073829651,0.8838962912559509,0.8728674054145813,0.996989130973816,0.8112990856170654,0.8586503267288208,0.8739604353904724,4.999999873689376e-05,0.2152313143014907,0.3498786389827728,0.8427636623382568,0.8673343658447266,0.7874135375022888,0.9954012632369996,0.6698863506317139,0.8505824208259583,0.8638023138046265,0.3965735137462616
3,207,62,False,0.7945079207420349,0.8537508845329285,0.8781031370162964,0.860010027885437,0.996640145778656,0.7990663647651672,0.8560858368873596,0.8710273504257202,4.999999873689376e-05,0.2329691499471664,0.3313221931457519,0.8398474454879761,0.866022527217865,0.7845957279205322,0.995291829109192,0.692089319229126,0.8470325469970703,0.8594744801521301,0.3757413029670715
3,208,63,False,0.882992684841156,0.8553006052970886,0.8707854747772217,0.8700421452522278,0.9967084527015686,0.8054857850074768,0.8566699028015137,0.8712235689163208,2.499999936844688e-05,0.2233842611312866,0.2052596062421798,0.8358500599861145,0.8693467378616333,0.7974476218223572,0.9954705834388732,0.6833130717277527,0.8428885340690613,0.8555452227592468,0.3809064328670501
3,209,64,False,0.8634401559829712,0.8483298420906067,0.8796530961990356,0.8706660866737366,0.9965298771858216,0.7952221035957336,0.8517894744873047,0.8679168224334717,2.499999936844688e-05,0.236189991235733,0.3089179396629333,0.8375424742698669,0.8758823275566101,0.7856218814849854,0.995654046535492,0.6909753084182739,0.8455570936203003,0.8596264719963074,0.3737782835960388
3,210,65,False,0.8867716789245605,0.8595477938652039,0.8683046102523804,0.8722879886627197,0.9967718124389648,0.8131774067878723,0.8621936440467834,0.8780240416526794,2.499999936844688e-05,0.2162310779094696,0.228099450469017,0.8455118536949158,0.8615423440933228,0.7792905569076538,0.9953965544700624,0.690493643283844,0.8521075248718262,0.8607110381126404,0.3760147988796234
3,211,66,False,0.8833233714103699,0.8571570515632629,0.8793503642082214,0.8794242739677429,0.996777594089508,0.8056712746620178,0.8608488440513611,0.8777577877044678,2.499999936844688e-05,0.2244510352611541,0.2745648622512817,0.8447161316871643,0.8599720597267151,0.789732813835144,0.9953767657279968,0.6985910534858704,0.8516810536384583,0.863644003868103,0.3699352145195007
3,212,67,False,0.8227714896202087,0.8466969132423401,0.8770473599433899,0.8542268872261047,0.9967691898345948,0.8150224685668945,0.8482729196548462,0.8630279898643494,2.499999936844688e-05,0.2146919667720794,0.3227672874927521,0.8400265574455261,0.8698650598526001,0.791985034942627,0.9955129027366638,0.6904231905937195,0.8466916680335999,0.8596724271774292,0.3750275671482086
3,213,68,False,0.8267239332199097,0.8604098558425903,0.87523353099823,0.8812671899795532,0.9967623949050904,0.8193660974502563,0.8624870181083679,0.8769800662994385,2.499999936844688e-05,0.2090681940317154,0.4722617566585541,0.8492681384086609,0.8604763746261597,0.8169879913330078,0.9957135319709778,0.7037477493286133,0.8525359034538269,0.86733478307724,0.3481270968914032
3,214,69,False,0.8890290856361389,0.8507118225097656,0.8753271102905273,0.8630281686782837,0.9965394139289856,0.7988652586936951,0.853679895401001,0.8701050877571106,2.499999936844688e-05,0.2334554344415664,0.3475270867347717,0.8472808599472046,0.8726340532302856,0.7824024558067322,0.9955962896347046,0.7164089679718018,0.8548040390014648,0.8652568459510803,0.3474026024341583
3,215,70,False,0.8591892123222351,0.8620391488075256,0.8749391436576843,0.8783540725708008,0.9967129230499268,0.8049082159996033,0.8640453219413757,0.8799939751625061,2.499999936844688e-05,0.2252022475004196,0.2653802931308746,0.8448452353477478,0.8665084838867188,0.7816917300224304,0.9954327940940856,0.709790825843811,0.8518999218940735,0.8633372783660889,0.3577108681201935
3,216,71,False,0.8507264256477356,0.8568630218505859,0.8800392150878906,0.8704329133033752,0.9968186616897584,0.8179737329483032,0.859013020992279,0.8727606534957886,2.499999936844688e-05,0.2103855460882187,0.5078538060188293,0.853181004524231,0.8731063008308411,0.7692264914512634,0.99574077129364,0.7095451354980469,0.8554651141166687,0.8648247122764587,0.3381093144416809
3,217,72,False,0.8552185297012329,0.8692282438278198,0.8885837197303772,0.8909105658531189,0.9968025088310242,0.8059820532798767,0.8721402287483215,0.8882334232330322,2.499999936844688e-05,0.222666785120964,0.1975759863853454,0.8419858813285828,0.8599275946617126,0.7767558693885803,0.9951306581497192,0.6838818192481995,0.8481785655021667,0.8584067225456238,0.388046383857727
4,218,0,True,0.7737993597984314,0.8475198745727539,0.8097690939903259,0.8557620644569397,0.9957948923110962,0.709553599357605,0.8495527505874634,0.8671241402626038,4.999999873689376e-05,0.3338181972503662,0.3152683079242706,0.8263087868690491,0.5772480368614197,0.7490686178207397,0.9941522479057312,0.5935549736022949,0.8245123624801636,0.8336900472640991,0.4826404452323913
4,219,1,False,0.7053893208503723,0.8460891246795654,0.8135608434677124,0.8571739792823792,0.9957044124603271,0.7185086607933044,0.846452534198761,0.8629772663116455,4.999999873689376e-05,0.3237947821617126,0.4760448932647705,0.8389319777488708,0.5447831153869629,0.8062758445739746,0.9945909976959229,0.6136664152145386,0.8370710611343384,0.8511592745780945,0.4531135559082031
4,220,2,False,0.5081475973129272,0.8534186482429504,0.8198889493942261,0.8429220914840698,0.9958298206329346,0.7050291895866394,0.852911651134491,0.8659482598304749,4.999999873689376e-05,0.3354164659976959,0.4043381810188293,0.8358238339424133,0.5926446914672852,0.7916440963745117,0.9941482543945312,0.5836560130119324,0.8341014981269836,0.8479250073432922,0.4932328164577484
4,221,3,False,0.6182841658592224,0.8375797271728516,0.7980427742004395,0.8302536010742188,0.9957785606384276,0.7125987410545349,0.8378642201423645,0.8522346615791321,4.999999873689376e-05,0.330041229724884,0.4446092545986175,0.833711564540863,0.5515961647033691,0.7995994687080383,0.9941839575767516,0.5921074151992798,0.8292011022567749,0.8422121405601501,0.4786611497402191
4,222,4,False,0.6559442281723022,0.8358958959579468,0.8268966674804688,0.826783299446106,0.9959297776222228,0.7219367623329163,0.8359199166297913,0.849901020526886,4.999999873689376e-05,0.3172306418418884,0.3082674145698547,0.8303804993629456,0.582500159740448,0.7578019499778748,0.9936828017234802,0.5739074945449829,0.8284336924552917,0.8363729119300842,0.5039771199226379
4,223,5,False,0.7913870215415955,0.826973557472229,0.8251619338989258,0.8432161808013916,0.9958928823471068,0.7289212346076965,0.8298068046569824,0.8491522669792175,4.999999873689376e-05,0.3134056031703949,0.411508560180664,0.8330596685409546,0.5742150545120239,0.7758914828300476,0.9932475686073304,0.5740595459938049,0.831046462059021,0.8425325751304626,0.5115248560905457
4,224,6,False,0.6374866962432861,0.8380815982818604,0.8285760283470154,0.8435896039009094,0.9957408308982848,0.7272182703018188,0.8377706408500671,0.8535261750221252,4.999999873689376e-05,0.3134390413761139,0.443839430809021,0.8363707661628723,0.6008011698722839,0.7928904294967651,0.9943113327026368,0.5993713140487671,0.8319985866546631,0.8446358442306519,0.4700986444950104
4,225,7,False,0.6405652165412903,0.8532714247703552,0.83187335729599,0.8598842620849609,0.9959437251091005,0.7223197817802429,0.8538188934326172,0.868844747543335,4.999999873689376e-05,0.3155758380889892,0.4863314628601074,0.8352646827697754,0.6118876338005066,0.8105337023735046,0.9946179389953612,0.6499060392379761,0.8318487405776978,0.8474365472793579,0.4129758775234222
4,226,8,False,0.7160926461219788,0.8499137759208679,0.8579597473144531,0.8604697585105896,0.996143400669098,0.7486233711242676,0.8500857353210449,0.8650627136230469,4.999999873689376e-05,0.2862253487110138,0.4550391137599945,0.8337138891220093,0.5627831220626831,0.8227870464324951,0.9948898553848268,0.6103665828704834,0.8326484560966492,0.8499419093132019,0.4518631398677826
4,227,9,False,0.7808594703674316,0.848440408706665,0.83753502368927,0.8692326545715332,0.9961576461791992,0.7477632761001587,0.850030243396759,0.8681900501251221,4.999999873689376e-05,0.2888280153274536,0.4265702664852142,0.8395994901657104,0.63082355260849,0.8229283690452576,0.9954491853713988,0.6093147993087769,0.838699460029602,0.8572465777397156,0.4481098651885986
4,228,10,False,0.7879382371902466,0.8453340530395508,0.8174547553062439,0.8565703630447388,0.9961850047111512,0.73467618227005,0.8464567065238953,0.8646317720413208,4.999999873689376e-05,0.3025418221950531,0.3100536167621612,0.8322702646255493,0.5818085670471191,0.7558913826942444,0.9941561222076416,0.569092869758606,0.8308044075965881,0.839073121547699,0.5069714784622192
4,229,11,False,0.5611700415611267,0.84297114610672,0.833958625793457,0.8336248993873596,0.996103584766388,0.7200641632080078,0.8434338569641113,0.8566389083862305,4.999999873689376e-05,0.3174858391284942,0.3221071064472198,0.832772433757782,0.5738469958305359,0.7652050852775574,0.9936150908470154,0.5947052240371704,0.8308157920837402,0.8405482769012451,0.4874943196773529
4,230,12,False,0.6776787638664246,0.8350319266319275,0.836462676525116,0.8329145908355713,0.9959152936935424,0.7286691069602966,0.8354555368423462,0.8500697612762451,4.999999873689376e-05,0.3098944425582886,0.4475776553153991,0.8430959582328796,0.5484578013420105,0.8094578385353088,0.9947817921638488,0.6250584125518799,0.841237485408783,0.8564559817314148,0.4422535896301269
4,231,13,False,0.7309899926185608,0.8498983383178711,0.8526731729507446,0.8498683571815491,0.9960049986839294,0.7481666803359985,0.8502212762832642,0.8654274344444275,4.999999873689376e-05,0.2900046706199646,0.4478208422660827,0.8285157084465027,0.5668293833732605,0.7840415239334106,0.9944526553153992,0.5996171832084656,0.8274880051612854,0.8391770124435425,0.4755398333072662
4,232,14,False,0.7943370342254639,0.8386025428771973,0.8479260206222534,0.8647836446762085,0.9960318803787231,0.7466913461685181,0.8409610986709595,0.8596928119659424,4.999999873689376e-05,0.2914152145385742,0.3592795133590698,0.8241928219795227,0.584559977054596,0.7415432929992676,0.9940165281295776,0.5649035573005676,0.8235307335853577,0.8307459354400635,0.5153857469558716
4,233,15,False,0.6796709299087524,0.8468402028083801,0.8490732908248901,0.8329693078994751,0.9961751699447632,0.7509866952896118,0.8468376398086548,0.8602200150489807,4.999999873689376e-05,0.2850321531295776,0.3319802284240722,0.8342816233634949,0.5851282477378845,0.7447261214256287,0.9939869046211244,0.5547530055046082,0.8334835171699524,0.8405259847640991,0.5247220396995544
4,234,16,False,0.7633182406425476,0.8471964001655579,0.8376705050468445,0.8632470369338989,0.9957927465438844,0.7606830596923828,0.8478567004203796,0.8641332983970642,4.999999873689376e-05,0.2788634896278381,0.4504256844520569,0.8379636406898499,0.6347395181655884,0.7986106276512146,0.9941360354423524,0.6121214032173157,0.8363167643547058,0.8499837517738342,0.4630276560783386
4,235,17,False,0.7832601070404053,0.8417521715164185,0.8589503765106201,0.8541170358657837,0.996575653553009,0.7419604659080505,0.843258798122406,0.861395001411438,4.999999873689376e-05,0.2901121377944946,0.5033915042877197,0.8290237784385681,0.610013484954834,0.7909421324729919,0.9941337704658508,0.6128863096237183,0.826805830001831,0.8380952477455139,0.4598201811313629
4,236,18,False,0.8032776713371277,0.8474606871604919,0.8417021036148071,0.8384388089179993,0.9959678053855896,0.7482253909111023,0.8492041230201721,0.8627592921257019,4.999999873689376e-05,0.2896080911159515,0.4956747591495514,0.8367087841033936,0.6030790209770203,0.7919341921806335,0.9937691688537598,0.6254748702049255,0.8374130129814148,0.8503293395042419,0.4530472159385681
4,237,19,False,0.796248733997345,0.856525182723999,0.8511748909950256,0.8771880269050598,0.9962578415870668,0.7622969150543213,0.8571110367774963,0.8748956322669983,4.999999873689376e-05,0.2728951573371887,0.5285305380821228,0.8354126214981079,0.5618736147880554,0.7788368463516235,0.9940766096115112,0.6063979268074036,0.8356326222419739,0.8465504050254822,0.4666706919670105
4,238,20,False,0.7649083733558655,0.848268449306488,0.842056930065155,0.8405495285987854,0.9962607622146606,0.7343061566352844,0.8493546843528748,0.8646351099014282,2.499999936844688e-05,0.3020958304405212,0.4177310168743133,0.8281857967376709,0.5633959770202637,0.7579596638679504,0.9942074418067932,0.5839348435401917,0.8277758955955505,0.8345852494239807,0.4861719608306885
4,239,21,False,0.7469956874847412,0.8378511667251587,0.8673043847084045,0.8555283546447754,0.996125102043152,0.7594137787818909,0.8382216095924377,0.8555468320846558,2.499999936844688e-05,0.276683509349823,0.4932149648666382,0.8371603488922119,0.5473750233650208,0.7893959283828735,0.9938960075378418,0.6014619469642639,0.8361753821372986,0.8478859663009644,0.4732232689857483
4,240,22,False,0.8220590949058533,0.8510684370994568,0.8528809547424316,0.8509072661399841,0.996324062347412,0.7560837864875793,0.8523259162902832,0.8673468828201294,2.499999936844688e-05,0.2782873213291168,0.495302140712738,0.8270780444145203,0.6562828421592712,0.7885465621948242,0.9943864941596984,0.6211990118026733,0.8277522921562195,0.838570773601532,0.4478290975093841
4,241,23,False,0.7523765563964844,0.844640851020813,0.8486881256103516,0.8508469462394714,0.996159553527832,0.7422176003456116,0.8455166220664978,0.8619617819786072,2.499999936844688e-05,0.2952142655849457,0.5509348511695862,0.8327703475952148,0.5708197951316833,0.7853942513465881,0.9939696788787842,0.5993826389312744,0.8329542279243469,0.8446252346038818,0.4730512201786041
4,242,24,False,0.6902517676353455,0.8425388932228088,0.8560377955436707,0.8296143412590027,0.9962801337242126,0.757375955581665,0.8424026370048523,0.8557284474372864,2.499999936844688e-05,0.2778393626213074,0.4805395007133484,0.8371188640594482,0.6360692977905273,0.7929794192314148,0.9939525127410888,0.6001590490341187,0.8361819982528687,0.8487815260887146,0.4759381413459778
4,243,25,False,0.8171625733375549,0.8630978465080261,0.8609853982925415,0.874646782875061,0.99642813205719,0.7644432187080383,0.8647268414497375,0.8816874623298645,2.499999936844688e-05,0.2692805230617523,0.5032591223716736,0.8414777517318726,0.6358271241188049,0.7937031388282776,0.9947149753570556,0.6256610155105591,0.841937243938446,0.8551639914512634,0.4426693022251129
4,244,26,False,0.7828019261360168,0.8478705286979675,0.8586397171020508,0.8601340651512146,0.9965423941612244,0.7495178580284119,0.8490415811538696,0.8649537563323975,2.499999936844688e-05,0.282687246799469,0.4730814695358276,0.8359069228172302,0.6021659970283508,0.789755642414093,0.9937454462051392,0.6358979344367981,0.8354833722114563,0.8481642603874207,0.4437351822853088
4,245,27,False,0.7070690393447876,0.8499268293380737,0.8376648426055908,0.8530101776123047,0.9960185289382936,0.7559939622879028,0.8499347567558289,0.8643525838851929,2.499999936844688e-05,0.2814600169658661,0.4622302055358886,0.8405184149742126,0.6196749806404114,0.7957093119621277,0.994613528251648,0.6059051752090454,0.8400207161903381,0.8538426160812378,0.4641153216361999
4,246,28,False,0.7899749875068665,0.8415822982788086,0.8472848534584045,0.8643882274627686,0.995938777923584,0.746391773223877,0.8433102369308472,0.8617421984672546,2.499999936844688e-05,0.2916471362113952,0.3917174935340881,0.8344741463661194,0.6056489944458008,0.7726006507873535,0.9943801164627076,0.6084739565849304,0.8341046571731567,0.8447796106338501,0.4640488028526306
4,247,29,False,0.7192804217338562,0.860026478767395,0.8679709434509277,0.871440052986145,0.9962305426597596,0.7712188363075256,0.8599782586097717,0.8750115036964417,2.499999936844688e-05,0.2614714801311493,0.479712426662445,0.8362364768981934,0.6127794981002808,0.7866159081459045,0.9936439394950868,0.6214507222175598,0.8360711336135864,0.8479891419410706,0.46080082654953
